timestamp,device_id,temperature,humidity
2025-10-31T08:39:25.666533Z,RFID-Device-01,22.89,49.2
2025-10-31T08:39:30.667645Z,RFID-Device-01,23.58,56.4
2025-10-31T08:39:35.668907Z,RFID-Device-01,28.04,60.1
2025-10-31T08:39:40.670778Z,RFID-Device-01,24.75,45.8
2025-10-31T08:39:45.672219Z,RFID-Device-01,23.4,62.5
2025-10-31T08:39:50.674173Z,RFID-Device-01,28.66,52.3
2025-10-31T08:39:55.676093Z,RFID-Device-01,22.42,49.5
2025-10-31T08:40:00.677145Z,RFID-Device-01,29.14,53.0
2025-10-31T08:40:05.678524Z,RFID-Device-01,28.57,64.1
2025-10-31T08:40:10.680001Z,RFID-Device-01,29.48,60.5
2025-10-31T08:40:15.681052Z,RFID-Device-01,23.06,41.0
2025-10-31T08:40:20.682556Z,RFID-Device-01,25.52,43.6
2025-10-31T08:40:25.683696Z,RFID-Device-01,26.07,47.1
2025-10-31T08:40:30.686469Z,RFID-Device-01,23.9,49.1
2025-10-31T08:40:35.688057Z,RFID-Device-01,22.54,63.1
2025-10-31T08:40:40.689563Z,RFID-Device-01,27.64,61.2
2025-10-31T08:40:45.691048Z,RFID-Device-01,29.32,47.9
2025-10-31T08:40:50.692262Z,RFID-Device-01,22.39,47.4
2025-10-31T08:40:55.693424Z,RFID-Device-01,29.68,50.8
2025-10-31T08:41:00.694783Z,RFID-Device-01,22.0,48.1
2025-10-31T08:41:05.696315Z,RFID-Device-01,24.91,48.5
2025-10-31T08:41:10.697789Z,RFID-Device-01,27.89,48.4
2025-10-31T08:41:15.699678Z,RFID-Device-01,24.41,58.5
2025-10-31T08:41:20.701080Z,RFID-Device-01,24.38,36.1
2025-10-31T08:41:25.702461Z,RFID-Device-01,27.5,40.0
2025-10-31T08:41:30.703557Z,RFID-Device-01,27.99,40.3
2025-10-31T08:41:35.704917Z,RFID-Device-01,27.89,45.2
2025-10-31T08:41:40.706582Z,RFID-Device-01,22.71,55.0
2025-10-31T08:41:45.707919Z,RFID-Device-01,28.25,46.7
2025-10-31T08:41:50.709138Z,RFID-Device-01,26.29,42.5
2025-10-31T08:41:55.710408Z,RFID-Device-01,23.97,35.7
2025-10-31T08:42:00.711619Z,RFID-Device-01,29.18,59.9
2025-10-31T08:42:05.713629Z,RFID-Device-01,28.05,64.1
2025-10-31T08:42:10.714829Z,RFID-Device-01,22.61,55.4
2025-10-31T08:42:15.716210Z,RFID-Device-01,29.33,47.4
2025-10-31T08:42:20.717908Z,RFID-Device-01,29.35,41.9
2025-10-31T08:42:25.719205Z,RFID-Device-01,22.19,51.4
2025-10-31T08:42:30.720522Z,RFID-Device-01,23.88,52.1
2025-10-31T08:42:35.721856Z,RFID-Device-01,25.42,52.6
2025-10-31T08:42:40.723074Z,RFID-Device-01,22.88,46.6
2025-10-31T08:42:45.724557Z,RFID-Device-01,23.59,40.2
2025-10-31T08:42:50.725876Z,RFID-Device-01,22.75,37.9
2025-10-31T08:42:55.727719Z,RFID-Device-01,25.91,64.9
2025-10-31T08:43:00.729177Z,RFID-Device-01,26.74,39.1
2025-10-31T08:43:05.730649Z,RFID-Device-01,22.27,58.9
2025-10-31T08:43:10.732057Z,RFID-Device-01,26.44,42.6
2025-10-31T08:43:15.733205Z,RFID-Device-01,22.46,63.2
2025-10-31T08:43:20.734125Z,RFID-Device-01,26.96,56.8
2025-10-31T08:43:25.735271Z,RFID-Device-01,28.09,46.2
2025-10-31T08:43:30.736296Z,RFID-Device-01,25.26,56.4
2025-10-31T08:43:35.737760Z,RFID-Device-01,24.67,61.1
2025-10-31T08:43:40.738925Z,RFID-Device-01,23.3,52.3
2025-10-31T08:43:45.740209Z,RFID-Device-01,22.01,50.3
2025-10-31T08:43:50.743019Z,RFID-Device-01,26.74,57.1
2025-10-31T08:43:55.744689Z,RFID-Device-01,22.94,56.8
2025-10-31T08:44:00.745930Z,RFID-Device-01,25.86,35.1
2025-10-31T08:44:05.747440Z,RFID-Device-01,29.78,50.8
2025-10-31T08:44:10.749108Z,RFID-Device-01,28.65,44.3
2025-10-31T08:44:15.750728Z,RFID-Device-01,25.51,52.0
2025-10-31T08:44:20.752156Z,RFID-Device-01,22.77,44.8
2025-10-31T08:44:25.753504Z,RFID-Device-01,27.19,57.5
2025-10-31T08:44:30.754802Z,RFID-Device-01,22.77,46.6
2025-10-31T08:44:35.757683Z,RFID-Device-01,29.05,58.2
2025-10-31T08:44:40.759250Z,RFID-Device-01,28.11,40.2
2025-10-31T08:44:45.760457Z,RFID-Device-01,24.09,51.3
2025-10-31T08:44:50.761502Z,RFID-Device-01,23.74,38.6
2025-10-31T08:44:55.763066Z,RFID-Device-01,28.18,55.4
2025-10-31T08:45:00.764308Z,RFID-Device-01,25.0,35.1
2025-10-31T08:45:05.765339Z,RFID-Device-01,24.29,36.9
2025-10-31T08:45:10.766552Z,RFID-Device-01,28.4,63.4
2025-10-31T08:45:15.843666Z,RFID-Device-01,28.92,51.8
2025-10-31T08:45:20.845109Z,RFID-Device-01,22.22,36.0
2025-10-31T08:45:25.846351Z,RFID-Device-01,25.33,50.8
2025-10-31T08:45:30.847853Z,RFID-Device-01,22.15,57.5
2025-10-31T08:45:35.849498Z,RFID-Device-01,28.6,64.6
2025-10-31T08:45:40.850846Z,RFID-Device-01,28.78,37.7
2025-10-31T08:45:45.852198Z,RFID-Device-01,26.67,40.7
2025-10-31T08:45:50.853737Z,RFID-Device-01,22.69,50.8
2025-10-31T08:45:55.855258Z,RFID-Device-01,27.23,45.9
2025-10-31T08:46:00.856739Z,RFID-Device-01,25.2,46.0
2025-10-31T08:46:05.857902Z,RFID-Device-01,27.51,61.4
2025-10-31T08:46:10.859998Z,RFID-Device-01,24.41,49.0
2025-10-31T08:46:15.861971Z,RFID-Device-01,22.93,59.1
2025-10-31T08:46:20.863514Z,RFID-Device-01,24.38,53.7
2025-10-31T08:46:25.864896Z,RFID-Device-01,22.78,38.3
2025-10-31T08:46:30.866466Z,RFID-Device-01,29.42,44.8
2025-10-31T08:46:35.868039Z,RFID-Device-01,25.63,58.1
2025-10-31T08:46:40.869300Z,RFID-Device-01,23.54,54.1
2025-10-31T08:46:45.870491Z,RFID-Device-01,27.58,35.6
2025-10-31T08:46:50.872299Z,RFID-Device-01,22.8,51.1
2025-10-31T08:46:55.873393Z,RFID-Device-01,28.73,64.6
2025-10-31T08:47:00.874706Z,RFID-Device-01,26.12,40.8
2025-10-31T08:47:05.876127Z,RFID-Device-01,23.64,58.9
2025-10-31T08:47:10.877257Z,RFID-Device-01,26.18,42.4
2025-10-31T08:47:15.878524Z,RFID-Device-01,24.39,42.7
2025-10-31T08:47:20.880123Z,RFID-Device-01,29.21,60.8
2025-10-31T08:47:25.882352Z,RFID-Device-01,23.17,60.0
2025-10-31T08:47:30.883688Z,RFID-Device-01,25.49,59.6
2025-10-31T08:47:35.885003Z,RFID-Device-01,29.81,52.6
2025-10-31T08:47:40.886054Z,RFID-Device-01,27.32,64.9
2025-10-31T08:47:45.887135Z,RFID-Device-01,29.85,58.0
2025-10-31T08:47:50.888419Z,RFID-Device-01,26.08,52.8
2025-10-31T08:47:55.889851Z,RFID-Device-01,24.31,52.7
2025-10-31T08:48:00.891340Z,RFID-Device-01,23.15,50.7
2025-10-31T08:48:05.892415Z,RFID-Device-01,26.67,45.5
2025-10-31T08:48:10.893710Z,RFID-Device-01,23.18,37.8
2025-10-31T08:48:15.895078Z,RFID-Device-01,28.34,43.9
2025-10-31T08:48:20.896820Z,RFID-Device-01,29.6,64.2
2025-10-31T08:48:25.898148Z,RFID-Device-01,28.07,43.5
2025-10-31T08:48:30.899730Z,RFID-Device-01,22.9,59.9
2025-10-31T08:48:35.901343Z,RFID-Device-01,23.46,63.3
2025-10-31T08:48:40.902796Z,RFID-Device-01,24.77,39.8
2025-10-31T08:48:45.904411Z,RFID-Device-01,25.39,55.1
2025-10-31T08:48:50.905967Z,RFID-Device-01,23.12,55.6
2025-10-31T08:48:55.907531Z,RFID-Device-01,28.99,35.3
2025-10-31T08:49:00.908950Z,RFID-Device-01,28.96,60.3
2025-10-31T08:49:05.910400Z,RFID-Device-01,29.13,36.0
2025-10-31T08:49:10.911672Z,RFID-Device-01,25.85,49.9
2025-10-31T08:49:15.913328Z,RFID-Device-01,27.11,43.1
2025-10-31T08:49:20.914555Z,RFID-Device-01,25.99,62.0
2025-10-31T08:49:25.915727Z,RFID-Device-01,27.57,53.0
2025-10-31T08:49:30.916636Z,RFID-Device-01,26.51,50.0
2025-10-31T08:49:35.917710Z,RFID-Device-01,26.99,63.0
2025-10-31T08:49:40.918994Z,RFID-Device-01,24.59,61.1
2025-10-31T08:49:45.920151Z,RFID-Device-01,29.49,49.2
2025-10-31T08:49:50.921228Z,RFID-Device-01,22.95,51.8
2025-10-31T08:49:55.922356Z,RFID-Device-01,22.85,41.3
2025-10-31T08:50:00.923903Z,RFID-Device-01,27.72,55.5
2025-10-31T08:50:05.926095Z,RFID-Device-01,25.7,43.1
2025-10-31T08:50:10.927502Z,RFID-Device-01,28.86,57.3
2025-10-31T08:50:15.928751Z,RFID-Device-01,26.0,61.9
2025-10-31T08:50:20.929822Z,RFID-Device-01,22.58,50.1
2025-10-31T08:50:25.931359Z,RFID-Device-01,27.0,47.5
2025-10-31T08:50:30.932835Z,RFID-Device-01,26.55,47.0
2025-10-31T08:50:35.934359Z,RFID-Device-01,24.97,56.9
2025-10-31T08:50:40.935707Z,RFID-Device-01,25.55,60.4
2025-10-31T08:50:45.936903Z,RFID-Device-01,23.78,48.2
2025-10-31T08:50:50.938618Z,RFID-Device-01,22.09,40.4
2025-10-31T08:50:55.940139Z,RFID-Device-01,26.43,59.4
2025-10-31T08:51:00.941327Z,RFID-Device-01,26.82,50.9
2025-10-31T08:51:05.942839Z,RFID-Device-01,29.72,50.3
2025-10-31T08:51:10.943897Z,RFID-Device-01,25.23,55.9
2025-10-31T08:51:15.945453Z,RFID-Device-01,24.06,48.5
2025-10-31T08:51:20.946976Z,RFID-Device-01,26.91,39.8
2025-10-31T08:51:25.948222Z,RFID-Device-01,26.6,39.2
2025-10-31T08:51:30.949951Z,RFID-Device-01,22.4,47.2
2025-10-31T08:51:35.951202Z,RFID-Device-01,29.85,50.7
2025-10-31T08:51:40.952957Z,RFID-Device-01,23.74,42.7
2025-10-31T08:51:45.954146Z,RFID-Device-01,23.7,63.0
2025-10-31T08:51:50.955327Z,RFID-Device-01,22.22,49.7
2025-10-31T08:51:55.956881Z,RFID-Device-01,29.06,62.5
2025-10-31T08:52:00.957994Z,RFID-Device-01,29.94,37.9
2025-10-31T08:52:05.959288Z,RFID-Device-01,26.83,42.9
2025-10-31T08:52:10.960695Z,RFID-Device-01,22.56,42.2
2025-10-31T08:52:15.961783Z,RFID-Device-01,27.01,51.3
2025-10-31T08:52:20.962850Z,RFID-Device-01,27.73,40.5
2025-10-31T08:52:25.964205Z,RFID-Device-01,29.29,37.1
2025-10-31T08:52:30.965727Z,RFID-Device-01,25.56,61.6
2025-10-31T08:52:35.967418Z,RFID-Device-01,28.02,63.6
2025-10-31T08:52:40.968642Z,RFID-Device-01,27.07,55.5
2025-10-31T08:52:45.970145Z,RFID-Device-01,23.58,62.6
2025-10-31T08:52:50.971529Z,RFID-Device-01,28.99,37.5
2025-10-31T08:52:55.972702Z,RFID-Device-01,27.1,42.7
2025-10-31T08:53:00.973698Z,RFID-Device-01,27.56,61.9
2025-10-31T08:53:05.974757Z,RFID-Device-01,22.98,47.9
2025-10-31T08:53:10.976294Z,RFID-Device-01,26.16,64.1
2025-10-31T08:53:15.977819Z,RFID-Device-01,29.69,45.5
2025-10-31T08:53:20.979004Z,RFID-Device-01,23.49,57.9
2025-10-31T08:53:25.981047Z,RFID-Device-01,24.11,37.7
2025-10-31T08:53:30.982305Z,RFID-Device-01,28.49,61.1
2025-10-31T08:53:35.983424Z,RFID-Device-01,22.38,41.6
2025-10-31T08:53:40.984691Z,RFID-Device-01,29.18,50.0
2025-10-31T08:53:45.985919Z,RFID-Device-01,24.78,49.4
2025-10-31T08:53:50.987327Z,RFID-Device-01,27.52,39.6
2025-10-31T08:53:55.988423Z,RFID-Device-01,24.4,49.7
2025-10-31T08:54:00.989729Z,RFID-Device-01,26.9,42.1
2025-10-31T08:54:05.990995Z,RFID-Device-01,27.24,41.8
2025-10-31T08:54:10.992036Z,RFID-Device-01,22.67,55.9
2025-10-31T08:54:15.993427Z,RFID-Device-01,26.14,58.2
2025-10-31T08:54:20.995129Z,RFID-Device-01,25.87,50.2
2025-10-31T08:54:25.996708Z,RFID-Device-01,25.25,59.1
2025-10-31T08:54:30.997714Z,RFID-Device-01,24.09,43.1
2025-10-31T08:54:35.999047Z,RFID-Device-01,23.42,55.2
2025-10-31T08:54:41.000022Z,RFID-Device-01,23.4,55.7
2025-10-31T08:54:46.001208Z,RFID-Device-01,25.66,53.5
2025-10-31T08:54:51.002080Z,RFID-Device-01,24.94,44.4
2025-10-31T08:54:56.003226Z,RFID-Device-01,25.81,52.0
2025-10-31T08:55:01.004333Z,RFID-Device-01,22.35,38.5
2025-10-31T08:55:06.005405Z,RFID-Device-01,27.11,60.8
2025-10-31T08:55:11.006594Z,RFID-Device-01,29.71,37.4
2025-10-31T08:55:16.007912Z,RFID-Device-01,25.85,49.6
2025-10-31T08:55:21.010166Z,RFID-Device-01,25.95,51.2
2025-10-31T08:55:26.011385Z,RFID-Device-01,22.79,56.1
2025-10-31T08:55:31.012452Z,RFID-Device-01,23.5,35.6
2025-10-31T08:55:36.013647Z,RFID-Device-01,28.9,46.1
2025-10-31T08:55:41.014661Z,RFID-Device-01,22.29,54.7
2025-10-31T08:55:46.016086Z,RFID-Device-01,28.24,59.8
2025-10-31T08:55:51.017397Z,RFID-Device-01,29.54,37.4
2025-10-31T08:55:56.018982Z,RFID-Device-01,26.15,37.8
2025-10-31T08:56:01.020116Z,RFID-Device-01,24.58,39.6
2025-10-31T08:56:06.021777Z,RFID-Device-01,23.26,39.4
2025-10-31T08:56:11.023808Z,RFID-Device-01,28.84,58.9
2025-10-31T08:56:16.025251Z,RFID-Device-01,29.07,58.4
2025-10-31T08:56:21.026907Z,RFID-Device-01,25.7,54.3
2025-10-31T08:56:26.028190Z,RFID-Device-01,23.03,58.1
2025-10-31T08:56:31.029193Z,RFID-Device-01,28.74,47.2
2025-10-31T08:56:36.030359Z,RFID-Device-01,27.3,61.7
2025-10-31T08:56:41.031532Z,RFID-Device-01,28.69,38.8
2025-10-31T08:56:46.032940Z,RFID-Device-01,28.48,38.4
2025-10-31T08:56:51.034307Z,RFID-Device-01,24.0,61.3
2025-10-31T08:56:56.035888Z,RFID-Device-01,25.88,62.0
2025-10-31T08:57:01.037451Z,RFID-Device-01,23.09,40.1
2025-10-31T08:57:06.039481Z,RFID-Device-01,25.84,38.9
2025-10-31T08:57:11.040747Z,RFID-Device-01,28.84,47.0
2025-10-31T08:57:16.041905Z,RFID-Device-01,29.69,53.3
2025-10-31T08:57:21.043326Z,RFID-Device-01,25.91,62.4
2025-10-31T08:57:26.044522Z,RFID-Device-01,28.42,48.5
2025-10-31T08:57:31.045874Z,RFID-Device-01,22.71,63.9
2025-10-31T08:57:36.047093Z,RFID-Device-01,26.1,35.0
2025-10-31T08:57:41.048411Z,RFID-Device-01,23.96,46.2
2025-10-31T08:57:46.049913Z,RFID-Device-01,24.64,62.7
2025-10-31T08:57:51.052243Z,RFID-Device-01,23.8,54.1
2025-10-31T08:57:56.053530Z,RFID-Device-01,27.65,62.3
2025-10-31T08:58:01.055113Z,RFID-Device-01,27.13,64.0
2025-10-31T08:58:06.056555Z,RFID-Device-01,28.86,52.8
2025-10-31T08:58:11.057732Z,RFID-Device-01,28.88,43.1
2025-10-31T08:58:16.058982Z,RFID-Device-01,29.57,52.0
2025-10-31T08:58:21.060349Z,RFID-Device-01,27.96,55.9
2025-10-31T08:58:26.061967Z,RFID-Device-01,24.42,52.4
2025-10-31T08:58:31.063137Z,RFID-Device-01,29.41,53.4
2025-10-31T08:58:36.083897Z,RFID-Device-01,22.08,54.8
2025-10-31T08:58:41.085104Z,RFID-Device-01,29.8,36.5
2025-10-31T08:58:46.086454Z,RFID-Device-01,28.37,59.6
2025-10-31T08:58:51.088288Z,RFID-Device-01,22.46,39.6
2025-10-31T08:58:56.089678Z,RFID-Device-01,27.34,53.6
2025-10-31T08:59:01.091056Z,RFID-Device-01,28.94,46.7
2025-10-31T08:59:06.092437Z,RFID-Device-01,25.93,60.7
2025-10-31T08:59:11.093634Z,RFID-Device-01,25.78,41.6
2025-10-31T08:59:16.095857Z,RFID-Device-01,26.02,39.8
2025-10-31T08:59:21.098090Z,RFID-Device-01,24.39,56.3
2025-10-31T08:59:26.100463Z,RFID-Device-01,26.69,48.5
2025-10-31T08:59:31.102534Z,RFID-Device-01,29.03,51.8
2025-10-31T08:59:36.104666Z,RFID-Device-01,26.01,38.6
2025-10-31T08:59:41.107257Z,RFID-Device-01,28.8,46.7
2025-10-31T08:59:46.109391Z,RFID-Device-01,24.49,59.0
2025-10-31T08:59:51.111811Z,RFID-Device-01,29.41,40.4
2025-10-31T08:59:56.113958Z,RFID-Device-01,26.58,57.2
2025-10-31T09:00:01.115870Z,RFID-Device-01,25.02,59.0
2025-10-31T09:00:06.118338Z,RFID-Device-01,29.44,48.8
2025-10-31T09:00:11.120920Z,RFID-Device-01,23.21,60.2
2025-10-31T09:00:16.123922Z,RFID-Device-01,25.65,62.4
2025-10-31T09:00:21.126009Z,RFID-Device-01,27.46,49.8
2025-10-31T09:00:26.128676Z,RFID-Device-01,24.14,50.0
2025-10-31T09:00:31.131602Z,RFID-Device-01,24.55,52.1
2025-10-31T09:00:36.133928Z,RFID-Device-01,29.2,51.9
2025-10-31T09:00:41.136027Z,RFID-Device-01,25.04,39.6
2025-10-31T09:00:46.137943Z,RFID-Device-01,27.84,52.6
2025-10-31T09:00:51.140706Z,RFID-Device-01,24.11,64.9
2025-10-31T09:00:56.142672Z,RFID-Device-01,28.68,54.8
2025-10-31T09:01:01.145227Z,RFID-Device-01,22.99,63.2
2025-10-31T09:01:06.147266Z,RFID-Device-01,25.44,41.0
2025-10-31T09:01:11.149418Z,RFID-Device-01,27.94,51.1
2025-10-31T09:01:16.151630Z,RFID-Device-01,24.69,51.9
2025-10-31T09:01:21.153645Z,RFID-Device-01,28.08,38.9
2025-10-31T09:01:26.155741Z,RFID-Device-01,29.45,55.1
2025-10-31T09:01:31.158052Z,RFID-Device-01,28.45,40.6
2025-10-31T09:01:36.160254Z,RFID-Device-01,22.51,51.0
2025-10-31T09:01:41.162280Z,RFID-Device-01,26.39,45.6
2025-10-31T09:01:46.164247Z,RFID-Device-01,23.77,49.3
2025-10-31T09:01:51.166283Z,RFID-Device-01,25.0,42.2
2025-10-31T09:01:56.168554Z,RFID-Device-01,23.91,54.9
2025-10-31T09:02:01.170700Z,RFID-Device-01,25.73,40.5
2025-10-31T09:02:06.172971Z,RFID-Device-01,24.36,48.5
2025-10-31T09:02:11.175113Z,RFID-Device-01,23.7,55.3
2025-10-31T09:02:16.177370Z,RFID-Device-01,26.83,64.4
2025-10-31T09:02:21.179263Z,RFID-Device-01,22.95,47.0
2025-10-31T09:02:26.181539Z,RFID-Device-01,23.71,44.2
2025-10-31T09:02:31.183526Z,RFID-Device-01,23.31,55.8
2025-10-31T09:02:36.185667Z,RFID-Device-01,24.57,45.6
2025-10-31T09:02:41.188361Z,RFID-Device-01,27.91,50.5
2025-10-31T09:02:46.190481Z,RFID-Device-01,25.24,57.5
2025-10-31T09:02:51.192227Z,RFID-Device-01,22.6,40.1
2025-10-31T09:02:56.194228Z,RFID-Device-01,22.87,35.2
2025-10-31T09:03:01.196534Z,RFID-Device-01,27.85,62.6
2025-10-31T09:03:06.198815Z,RFID-Device-01,23.95,46.1
2025-10-31T09:03:11.201448Z,RFID-Device-01,22.98,49.9
2025-10-31T09:03:16.203763Z,RFID-Device-01,29.62,38.7
2025-10-31T09:03:21.206202Z,RFID-Device-01,29.61,49.0
2025-10-31T09:03:26.208212Z,RFID-Device-01,29.32,49.6
2025-10-31T09:03:31.210578Z,RFID-Device-01,24.71,63.0
2025-10-31T09:03:36.213037Z,RFID-Device-01,29.0,50.8
2025-10-31T09:03:41.215466Z,RFID-Device-01,26.09,59.7
2025-10-31T09:03:46.217789Z,RFID-Device-01,28.83,56.9
2025-10-31T09:03:51.220078Z,RFID-Device-01,29.48,52.5
2025-10-31T09:03:56.222160Z,RFID-Device-01,26.93,58.7
2025-10-31T09:04:01.224137Z,RFID-Device-01,29.67,36.0
2025-10-31T09:04:06.226392Z,RFID-Device-01,24.35,62.5
2025-10-31T09:04:11.228568Z,RFID-Device-01,28.32,41.6
2025-10-31T09:04:16.230740Z,RFID-Device-01,24.52,50.0
2025-10-31T09:04:21.233625Z,RFID-Device-01,25.04,60.8
2025-10-31T09:04:26.235759Z,RFID-Device-01,29.81,45.4
2025-10-31T09:04:31.237997Z,RFID-Device-01,22.53,60.9
2025-10-31T09:04:36.239985Z,RFID-Device-01,24.07,64.2
2025-10-31T09:04:41.242343Z,RFID-Device-01,26.18,38.8
2025-10-31T09:04:46.244479Z,RFID-Device-01,25.5,49.8
2025-10-31T09:04:51.246758Z,RFID-Device-01,24.32,40.1
2025-10-31T09:04:56.249342Z,RFID-Device-01,29.8,50.0
2025-10-31T09:05:01.251619Z,RFID-Device-01,29.74,47.6
2025-10-31T09:05:06.253845Z,RFID-Device-01,27.39,52.7
2025-10-31T09:05:11.256091Z,RFID-Device-01,29.08,45.2
2025-10-31T09:05:16.258504Z,RFID-Device-01,22.08,40.9
2025-10-31T09:05:21.260811Z,RFID-Device-01,22.39,37.7
2025-10-31T09:05:26.263632Z,RFID-Device-01,23.66,41.5
2025-10-31T09:05:31.266114Z,RFID-Device-01,29.31,44.0
2025-10-31T09:05:36.268383Z,RFID-Device-01,27.34,35.2
2025-10-31T09:05:41.270738Z,RFID-Device-01,29.71,51.7
2025-10-31T09:05:46.272678Z,RFID-Device-01,24.02,57.9
2025-10-31T09:05:51.275143Z,RFID-Device-01,29.03,50.0
2025-10-31T09:05:56.279107Z,RFID-Device-01,29.17,60.6
2025-10-31T09:06:01.281185Z,RFID-Device-01,29.54,64.6
2025-10-31T09:06:06.283390Z,RFID-Device-01,28.1,44.4
2025-10-31T09:06:11.285488Z,RFID-Device-01,27.58,46.2
2025-10-31T09:06:16.287338Z,RFID-Device-01,22.14,52.4
2025-10-31T09:06:21.289967Z,RFID-Device-01,23.04,46.1
2025-10-31T09:06:26.291979Z,RFID-Device-01,27.7,39.6
2025-10-31T09:06:31.294390Z,RFID-Device-01,25.44,52.3
2025-10-31T09:06:36.296814Z,RFID-Device-01,26.94,47.2
2025-10-31T09:06:41.298751Z,RFID-Device-01,28.04,58.5
2025-10-31T09:06:46.300633Z,RFID-Device-01,28.17,49.7
2025-10-31T09:06:51.302659Z,RFID-Device-01,22.7,50.0
2025-10-31T09:06:56.304790Z,RFID-Device-01,22.31,59.5
2025-10-31T09:07:01.306907Z,RFID-Device-01,25.01,53.5
2025-10-31T09:07:06.309126Z,RFID-Device-01,22.65,43.3
2025-10-31T09:07:11.311176Z,RFID-Device-01,24.94,48.1
2025-10-31T09:07:16.313235Z,RFID-Device-01,24.52,61.2
2025-10-31T09:07:21.315634Z,RFID-Device-01,22.31,54.9
2025-10-31T09:07:26.317798Z,RFID-Device-01,28.14,64.4
2025-10-31T09:07:31.320158Z,RFID-Device-01,28.07,55.4
2025-10-31T09:07:36.321649Z,RFID-Device-01,25.89,49.6
2025-10-31T09:07:41.323357Z,RFID-Device-01,28.77,38.6
2025-10-31T09:07:46.325701Z,RFID-Device-01,27.08,53.6
2025-10-31T09:07:51.328078Z,RFID-Device-01,27.76,54.5
2025-10-31T09:07:56.329844Z,RFID-Device-01,25.74,59.5
2025-10-31T09:08:01.331889Z,RFID-Device-01,26.64,35.9
2025-10-31T09:08:06.334003Z,RFID-Device-01,23.54,62.4
2025-10-31T09:08:11.336268Z,RFID-Device-01,27.29,54.5
2025-10-31T09:08:16.340051Z,RFID-Device-01,25.92,46.4
2025-10-31T09:08:21.342532Z,RFID-Device-01,27.33,61.9
2025-10-31T09:08:26.344351Z,RFID-Device-01,27.5,56.3
2025-10-31T09:08:31.346434Z,RFID-Device-01,29.66,38.4
2025-10-31T09:08:36.348573Z,RFID-Device-01,28.21,60.6
2025-10-31T09:08:41.350833Z,RFID-Device-01,29.08,47.3
2025-10-31T09:08:46.354078Z,RFID-Device-01,28.08,52.0
2025-10-31T09:08:51.355876Z,RFID-Device-01,29.1,59.2
2025-10-31T09:08:56.358029Z,RFID-Device-01,24.53,60.8
2025-10-31T09:09:01.360382Z,RFID-Device-01,22.41,53.4
2025-10-31T09:09:06.362697Z,RFID-Device-01,29.58,57.9
2025-10-31T09:09:11.364770Z,RFID-Device-01,25.28,64.9
2025-10-31T09:09:16.367031Z,RFID-Device-01,29.0,51.1
2025-10-31T09:09:21.370244Z,RFID-Device-01,23.27,40.8
2025-10-31T09:09:26.372076Z,RFID-Device-01,22.11,41.0
2025-10-31T09:09:31.373537Z,RFID-Device-01,27.61,43.1
2025-10-31T09:09:36.375562Z,RFID-Device-01,22.37,54.9
2025-10-31T09:09:41.377508Z,RFID-Device-01,23.78,54.9
2025-10-31T09:09:46.379568Z,RFID-Device-01,25.61,64.3
2025-10-31T09:09:51.380985Z,RFID-Device-01,24.42,58.6
2025-10-31T09:09:56.383298Z,RFID-Device-01,27.68,60.3
2025-10-31T09:10:01.384833Z,RFID-Device-01,27.43,61.1
2025-10-31T09:10:06.386729Z,RFID-Device-01,24.56,42.3
2025-10-31T09:10:11.388507Z,RFID-Device-01,28.38,61.8
2025-10-31T09:10:16.390956Z,RFID-Device-01,26.15,35.6
2025-10-31T09:10:21.392891Z,RFID-Device-01,22.93,58.1
2025-10-31T09:10:26.394479Z,RFID-Device-01,24.83,45.1
2025-10-31T09:10:31.397052Z,RFID-Device-01,28.95,59.0
2025-10-31T09:10:36.399217Z,RFID-Device-01,26.44,45.7
2025-10-31T09:10:41.400702Z,RFID-Device-01,28.33,36.6
2025-10-31T09:10:46.402726Z,RFID-Device-01,28.3,56.1
2025-10-31T09:10:51.405071Z,RFID-Device-01,29.54,54.2
2025-10-31T09:10:56.406942Z,RFID-Device-01,25.54,60.7
2025-10-31T09:11:01.408986Z,RFID-Device-01,24.53,57.3
2025-10-31T09:11:06.410799Z,RFID-Device-01,22.37,57.5
2025-10-31T09:11:11.413585Z,RFID-Device-01,25.39,59.2
2025-10-31T09:11:16.416081Z,RFID-Device-01,29.64,54.9
2025-10-31T09:11:21.417855Z,RFID-Device-01,26.42,54.0
2025-10-31T09:11:26.419261Z,RFID-Device-01,25.75,44.6
2025-10-31T09:11:31.421007Z,RFID-Device-01,25.63,52.7
2025-10-31T09:11:36.422650Z,RFID-Device-01,24.33,38.8
2025-10-31T09:11:41.425235Z,RFID-Device-01,27.38,44.2
2025-10-31T09:11:46.427638Z,RFID-Device-01,28.54,42.0
2025-10-31T09:11:51.429303Z,RFID-Device-01,23.66,49.2
2025-10-31T09:11:56.431835Z,RFID-Device-01,27.42,40.6
2025-10-31T09:12:01.433934Z,RFID-Device-01,24.84,64.7
2025-10-31T09:12:06.436081Z,RFID-Device-01,29.04,40.4
2025-10-31T09:12:11.437584Z,RFID-Device-01,24.83,62.5
2025-10-31T09:12:16.439031Z,RFID-Device-01,26.96,50.7
2025-10-31T09:12:21.440854Z,RFID-Device-01,26.46,54.6
2025-10-31T09:12:26.442409Z,RFID-Device-01,27.32,57.3
2025-10-31T09:12:31.465922Z,RFID-Device-01,22.27,50.4
2025-10-31T09:12:36.470584Z,RFID-Device-01,29.54,39.0
2025-10-31T09:12:41.472798Z,RFID-Device-01,27.42,48.0
2025-10-31T09:12:46.475328Z,RFID-Device-01,28.81,50.0
2025-10-31T09:12:51.477758Z,RFID-Device-01,26.45,38.7
2025-10-31T09:12:56.479997Z,RFID-Device-01,23.38,60.5
2025-10-31T09:13:01.481390Z,RFID-Device-01,23.19,59.9
2025-10-31T09:13:06.482738Z,RFID-Device-01,29.47,64.7
2025-10-31T09:13:11.484741Z,RFID-Device-01,28.58,36.8
2025-10-31T09:13:16.486682Z,RFID-Device-01,25.8,51.3
2025-10-31T09:13:21.488963Z,RFID-Device-01,22.23,55.9
2025-10-31T09:13:26.491502Z,RFID-Device-01,27.37,37.8
2025-10-31T09:13:31.494250Z,RFID-Device-01,24.34,46.4
2025-10-31T09:13:36.496251Z,RFID-Device-01,29.04,62.7
2025-10-31T09:13:41.498305Z,RFID-Device-01,23.69,47.6
2025-10-31T09:13:46.500725Z,RFID-Device-01,23.43,43.3
2025-10-31T09:13:51.503038Z,RFID-Device-01,28.31,40.3
2025-10-31T09:13:56.506902Z,RFID-Device-01,28.94,55.2
2025-10-31T09:14:01.510473Z,RFID-Device-01,27.15,38.0
2025-10-31T09:14:06.513194Z,RFID-Device-01,24.23,61.6
2025-10-31T09:14:11.515381Z,RFID-Device-01,24.23,37.1
2025-10-31T09:14:16.517802Z,RFID-Device-01,22.2,63.4
2025-10-31T09:14:21.521348Z,RFID-Device-01,22.28,51.2
2025-10-31T09:14:26.524689Z,RFID-Device-01,22.95,61.6
2025-10-31T09:14:31.526799Z,RFID-Device-01,24.3,44.9
2025-10-31T09:14:36.529182Z,RFID-Device-01,28.04,47.4
2025-10-31T09:14:41.531561Z,RFID-Device-01,28.87,58.1
2025-10-31T09:14:46.533797Z,RFID-Device-01,28.77,60.8
2025-10-31T09:14:51.538431Z,RFID-Device-01,27.86,48.8
2025-10-31T09:14:56.540777Z,RFID-Device-01,23.16,52.0
2025-10-31T09:15:01.542949Z,RFID-Device-01,26.27,46.3
2025-10-31T09:15:06.545466Z,RFID-Device-01,27.46,56.4
2025-10-31T09:15:11.547325Z,RFID-Device-01,23.0,63.6
2025-10-31T09:15:16.550142Z,RFID-Device-01,24.12,40.1
2025-10-31T09:15:21.554552Z,RFID-Device-01,27.38,62.1
2025-10-31T09:15:26.557388Z,RFID-Device-01,28.0,47.4
2025-10-31T09:15:31.559848Z,RFID-Device-01,27.83,58.3
2025-10-31T09:15:36.562118Z,RFID-Device-01,28.14,36.2
2025-10-31T09:15:41.564461Z,RFID-Device-01,24.27,46.7
2025-10-31T09:15:46.566572Z,RFID-Device-01,28.22,36.7
2025-10-31T09:15:51.568731Z,RFID-Device-01,29.11,35.4
2025-10-31T09:15:56.570399Z,RFID-Device-01,27.53,53.3
2025-10-31T09:16:01.571798Z,RFID-Device-01,24.32,36.3
2025-10-31T09:16:06.572908Z,RFID-Device-01,25.83,47.7
2025-10-31T09:16:11.574401Z,RFID-Device-01,23.96,64.3
2025-10-31T09:16:16.576092Z,RFID-Device-01,28.49,40.9
2025-10-31T09:16:21.578282Z,RFID-Device-01,22.41,38.3
2025-10-31T09:16:26.580585Z,RFID-Device-01,22.23,47.7
2025-10-31T09:16:31.582827Z,RFID-Device-01,22.18,49.5
2025-10-31T09:16:36.585140Z,RFID-Device-01,23.0,37.4
2025-10-31T09:16:41.587467Z,RFID-Device-01,25.96,56.8
2025-10-31T09:16:46.589474Z,RFID-Device-01,26.46,54.9
2025-10-31T09:16:51.591866Z,RFID-Device-01,28.73,44.8
2025-10-31T09:16:56.593753Z,RFID-Device-01,29.98,53.0
2025-10-31T09:17:01.595284Z,RFID-Device-01,23.85,46.7
2025-10-31T09:17:06.597443Z,RFID-Device-01,27.2,53.8
2025-10-31T09:17:11.599083Z,RFID-Device-01,27.14,61.8
2025-10-31T09:17:16.600725Z,RFID-Device-01,24.04,52.2
2025-10-31T09:17:21.602771Z,RFID-Device-01,27.04,37.8
2025-10-31T09:17:26.604062Z,RFID-Device-01,28.55,36.2
2025-10-31T09:17:31.606357Z,RFID-Device-01,23.36,57.3
2025-10-31T09:17:36.608441Z,RFID-Device-01,23.22,49.5
2025-10-31T09:17:41.610853Z,RFID-Device-01,23.16,42.6
2025-10-31T09:17:46.612976Z,RFID-Device-01,24.86,37.9
2025-10-31T09:17:51.616945Z,RFID-Device-01,22.57,42.7
2025-10-31T09:17:56.618793Z,RFID-Device-01,22.24,39.1
2025-10-31T09:18:01.621151Z,RFID-Device-01,26.32,61.3
2025-10-31T09:18:06.623588Z,RFID-Device-01,29.22,52.7
2025-10-31T09:18:11.625118Z,RFID-Device-01,22.73,44.4
2025-10-31T09:18:16.630792Z,RFID-Device-01,22.09,50.3
2025-10-31T09:18:21.633026Z,RFID-Device-01,28.54,55.9
2025-10-31T09:18:26.634863Z,RFID-Device-01,26.88,37.5
2025-10-31T09:18:31.636978Z,RFID-Device-01,24.34,47.2
2025-10-31T09:18:36.639007Z,RFID-Device-01,23.87,56.5
2025-10-31T09:18:41.643480Z,RFID-Device-01,23.72,39.9
2025-10-31T09:18:46.646388Z,RFID-Device-01,28.54,50.4
2025-10-31T09:18:51.647882Z,RFID-Device-01,22.76,57.2
2025-10-31T09:18:56.650153Z,RFID-Device-01,29.6,43.9
2025-10-31T09:19:01.651924Z,RFID-Device-01,25.05,54.7
2025-10-31T09:19:06.654063Z,RFID-Device-01,22.1,35.3
2025-10-31T09:19:11.656163Z,RFID-Device-01,22.11,44.1
2025-10-31T09:19:16.657740Z,RFID-Device-01,25.44,60.6
2025-10-31T09:19:21.659406Z,RFID-Device-01,28.87,36.6
2025-10-31T09:19:26.661430Z,RFID-Device-01,24.47,62.4
2025-10-31T09:19:31.663635Z,RFID-Device-01,24.65,57.7
2025-10-31T09:19:36.665574Z,RFID-Device-01,27.07,48.5
2025-10-31T09:19:41.668311Z,RFID-Device-01,29.57,50.6
2025-10-31T09:19:46.671017Z,RFID-Device-01,28.21,53.8
2025-10-31T09:19:51.673191Z,RFID-Device-01,22.58,58.0
2025-10-31T09:19:56.674829Z,RFID-Device-01,26.99,53.5
2025-10-31T09:20:01.676761Z,RFID-Device-01,28.34,64.7
2025-10-31T09:20:06.679143Z,RFID-Device-01,28.34,46.9
2025-10-31T09:20:11.681020Z,RFID-Device-01,26.06,63.0
2025-10-31T09:20:16.753433Z,RFID-Device-01,23.54,44.3
2025-10-31T09:20:21.755887Z,RFID-Device-01,27.31,36.5
2025-10-31T09:20:26.758158Z,RFID-Device-01,28.93,37.1
2025-10-31T09:20:31.760457Z,RFID-Device-01,22.16,43.9
2025-10-31T09:20:36.762829Z,RFID-Device-01,26.82,39.7
2025-10-31T09:20:41.764188Z,RFID-Device-01,27.33,42.3
2025-10-31T09:20:46.766043Z,RFID-Device-01,27.37,46.4
2025-10-31T09:20:51.769226Z,RFID-Device-01,24.86,61.2
2025-10-31T09:20:56.770987Z,RFID-Device-01,28.57,64.5
2025-10-31T09:21:01.773126Z,RFID-Device-01,28.02,42.4
2025-10-31T09:21:06.774302Z,RFID-Device-01,28.63,35.1
2025-10-31T09:21:11.776731Z,RFID-Device-01,24.1,57.0
2025-10-31T09:21:16.785404Z,RFID-Device-01,25.03,49.4
2025-10-31T09:21:21.807476Z,RFID-Device-01,27.89,40.1
2025-10-31T09:21:26.809341Z,RFID-Device-01,23.8,63.9
2025-10-31T09:21:31.811606Z,RFID-Device-01,23.71,40.8
2025-10-31T09:21:36.813649Z,RFID-Device-01,28.47,38.1
2025-10-31T09:21:41.816275Z,RFID-Device-01,25.85,53.0
2025-10-31T09:21:46.818979Z,RFID-Device-01,24.92,59.4
2025-10-31T09:21:51.820844Z,RFID-Device-01,28.67,44.0
2025-10-31T09:21:56.822941Z,RFID-Device-01,22.25,41.9
2025-10-31T09:22:01.824972Z,RFID-Device-01,24.71,59.3
2025-10-31T09:22:06.826941Z,RFID-Device-01,28.65,50.3
2025-10-31T09:22:11.828811Z,RFID-Device-01,25.44,48.8
2025-10-31T09:22:16.831447Z,RFID-Device-01,24.34,59.2
2025-10-31T09:22:21.833538Z,RFID-Device-01,25.99,61.1
2025-10-31T09:22:26.836000Z,RFID-Device-01,24.72,47.0
2025-10-31T09:22:31.838272Z,RFID-Device-01,29.53,38.2
2025-10-31T09:22:36.840489Z,RFID-Device-01,28.03,55.9
2025-10-31T09:22:41.842911Z,RFID-Device-01,26.64,62.0
2025-10-31T09:22:46.844812Z,RFID-Device-01,27.75,53.3
2025-10-31T09:22:51.847360Z,RFID-Device-01,29.43,42.7
2025-10-31T09:22:56.850016Z,RFID-Device-01,29.91,49.7
2025-10-31T09:23:01.852101Z,RFID-Device-01,27.52,39.1
2025-10-31T09:23:06.854482Z,RFID-Device-01,24.1,52.3
2025-10-31T09:23:11.856746Z,RFID-Device-01,23.1,62.7
2025-10-31T09:23:16.859136Z,RFID-Device-01,26.25,41.3
2025-10-31T09:23:21.861397Z,RFID-Device-01,22.54,43.7
2025-10-31T09:23:26.863479Z,RFID-Device-01,23.25,37.2
2025-10-31T09:23:31.865692Z,RFID-Device-01,29.11,60.6
2025-10-31T09:23:36.867922Z,RFID-Device-01,25.61,63.6
2025-10-31T09:23:41.870066Z,RFID-Device-01,22.1,45.8
2025-10-31T09:23:46.872308Z,RFID-Device-01,27.71,53.6
2025-10-31T09:23:51.874397Z,RFID-Device-01,23.5,35.1
2025-10-31T09:23:56.876763Z,RFID-Device-01,29.21,42.4
2025-10-31T09:24:01.878577Z,RFID-Device-01,22.64,52.5
2025-10-31T09:24:06.880608Z,RFID-Device-01,26.78,51.8
2025-10-31T09:24:11.882746Z,RFID-Device-01,25.43,57.4
2025-10-31T09:24:16.885227Z,RFID-Device-01,26.33,52.9
2025-10-31T09:24:21.887669Z,RFID-Device-01,24.61,59.2
2025-10-31T09:24:26.889989Z,RFID-Device-01,22.14,56.9
2025-10-31T09:24:31.892325Z,RFID-Device-01,26.44,40.2
2025-10-31T09:24:36.894627Z,RFID-Device-01,25.57,57.1
2025-10-31T09:24:41.896485Z,RFID-Device-01,27.15,56.9
2025-10-31T09:24:46.898735Z,RFID-Device-01,25.1,46.9
2025-10-31T09:24:51.901147Z,RFID-Device-01,28.66,37.4
2025-10-31T09:24:56.903252Z,RFID-Device-01,28.36,60.9
2025-10-31T09:25:01.905252Z,RFID-Device-01,27.79,37.1
2025-10-31T09:25:06.907608Z,RFID-Device-01,22.85,35.7
2025-10-31T09:25:11.909559Z,RFID-Device-01,26.39,56.5
2025-10-31T09:25:16.911123Z,RFID-Device-01,22.87,55.0
2025-10-31T09:25:21.912367Z,RFID-Device-01,29.8,60.5
2025-10-31T09:25:26.913419Z,RFID-Device-01,22.74,55.6
2025-10-31T09:25:31.914545Z,RFID-Device-01,23.98,48.2
2025-10-31T09:25:36.915736Z,RFID-Device-01,25.67,56.8
2025-10-31T09:25:41.917111Z,RFID-Device-01,23.07,50.7
2025-10-31T09:25:46.918222Z,RFID-Device-01,27.86,60.2
2025-10-31T09:25:51.919671Z,RFID-Device-01,29.25,49.7
2025-10-31T09:25:56.921501Z,RFID-Device-01,24.43,62.3
2025-10-31T09:26:01.923361Z,RFID-Device-01,24.19,48.1
2025-10-31T09:26:06.926106Z,RFID-Device-01,22.63,47.6
2025-10-31T09:26:11.927439Z,RFID-Device-01,24.23,64.0
2025-10-31T09:26:16.928836Z,RFID-Device-01,26.11,40.8
2025-10-31T09:26:21.930012Z,RFID-Device-01,22.87,36.7
2025-10-31T09:26:26.931084Z,RFID-Device-01,29.87,57.4
2025-10-31T09:26:31.932360Z,RFID-Device-01,28.03,57.4
2025-10-31T09:26:36.933400Z,RFID-Device-01,23.92,45.0
2025-10-31T09:26:41.935121Z,RFID-Device-01,22.54,41.1
2025-10-31T09:26:46.936665Z,RFID-Device-01,27.61,47.0
2025-10-31T09:26:51.938185Z,RFID-Device-01,24.25,46.4
2025-10-31T09:26:56.939555Z,RFID-Device-01,27.48,39.8
2025-10-31T09:27:01.941059Z,RFID-Device-01,27.98,48.2
2025-10-31T09:27:06.942507Z,RFID-Device-01,23.4,37.6
2025-10-31T09:27:11.944014Z,RFID-Device-01,22.14,42.8
2025-10-31T09:27:16.945258Z,RFID-Device-01,28.97,45.9
2025-10-31T09:27:21.946691Z,RFID-Device-01,29.16,56.0
2025-10-31T09:27:26.948273Z,RFID-Device-01,22.2,51.4
2025-10-31T09:27:31.951825Z,RFID-Device-01,27.22,35.8
2025-10-31T09:27:36.953252Z,RFID-Device-01,23.37,52.5
2025-10-31T09:27:41.954808Z,RFID-Device-01,23.67,62.1
2025-10-31T09:27:46.956157Z,RFID-Device-01,29.92,58.2
2025-10-31T09:27:51.957620Z,RFID-Device-01,29.89,37.1
2025-10-31T09:27:56.958894Z,RFID-Device-01,26.41,41.0
2025-10-31T09:28:01.961027Z,RFID-Device-01,28.59,48.7
2025-10-31T09:28:06.962665Z,RFID-Device-01,29.96,54.8
2025-10-31T09:28:11.964455Z,RFID-Device-01,25.7,52.4
2025-10-31T09:28:16.965749Z,RFID-Device-01,23.09,61.5
2025-10-31T09:28:21.967037Z,RFID-Device-01,27.29,52.0
2025-10-31T09:28:26.968191Z,RFID-Device-01,23.83,47.5
2025-10-31T09:28:31.969460Z,RFID-Device-01,29.64,62.6
2025-10-31T09:28:36.970734Z,RFID-Device-01,26.29,62.9
2025-10-31T09:28:41.972311Z,RFID-Device-01,23.21,40.1
2025-10-31T09:28:46.973539Z,RFID-Device-01,24.15,56.8
2025-10-31T09:28:51.974751Z,RFID-Device-01,26.54,50.6
2025-10-31T09:28:56.976380Z,RFID-Device-01,22.8,40.3
2025-10-31T09:29:01.978389Z,RFID-Device-01,27.18,59.7
2025-10-31T09:29:06.979708Z,RFID-Device-01,27.58,61.8
2025-10-31T09:29:11.981234Z,RFID-Device-01,28.38,36.2
2025-10-31T09:29:16.982958Z,RFID-Device-01,27.28,43.9
2025-10-31T09:29:21.984598Z,RFID-Device-01,29.9,55.8
2025-10-31T09:29:26.985753Z,RFID-Device-01,28.7,37.1
2025-10-31T09:29:31.987035Z,RFID-Device-01,28.08,52.8
2025-10-31T09:29:36.989073Z,RFID-Device-01,27.35,40.0
2025-10-31T09:29:41.990299Z,RFID-Device-01,26.69,49.7
2025-10-31T09:29:46.991706Z,RFID-Device-01,22.41,55.2
2025-10-31T09:29:51.993622Z,RFID-Device-01,28.6,36.1
2025-10-31T09:29:56.995146Z,RFID-Device-01,24.54,38.1
2025-10-31T09:30:01.996658Z,RFID-Device-01,26.72,37.3
2025-10-31T09:30:06.997844Z,RFID-Device-01,29.94,41.0
2025-10-31T09:30:11.999411Z,RFID-Device-01,24.31,43.3
2025-10-31T09:30:17.000896Z,RFID-Device-01,23.26,47.9
2025-10-31T09:30:22.002967Z,RFID-Device-01,25.31,50.7
2025-10-31T09:30:27.005029Z,RFID-Device-01,27.23,46.1
2025-10-31T09:30:32.007707Z,RFID-Device-01,28.61,58.7
2025-10-31T09:30:37.009929Z,RFID-Device-01,25.14,35.4
2025-10-31T09:30:42.012366Z,RFID-Device-01,22.94,49.1
2025-10-31T09:30:47.014546Z,RFID-Device-01,25.25,48.6
2025-10-31T09:30:52.016339Z,RFID-Device-01,29.26,43.4
2025-10-31T09:30:57.019039Z,RFID-Device-01,23.12,35.9
2025-10-31T09:31:02.020163Z,RFID-Device-01,25.07,52.2
2025-10-31T09:31:07.021993Z,RFID-Device-01,26.4,51.3
2025-10-31T09:31:12.024149Z,RFID-Device-01,28.82,39.5
2025-10-31T09:31:17.025442Z,RFID-Device-01,24.46,64.5
2025-10-31T09:31:22.027234Z,RFID-Device-01,28.5,55.7
2025-10-31T09:31:27.028364Z,RFID-Device-01,22.99,47.1
2025-10-31T09:31:32.029641Z,RFID-Device-01,25.1,36.0
2025-10-31T09:31:37.031128Z,RFID-Device-01,23.4,61.2
2025-10-31T09:31:42.032477Z,RFID-Device-01,26.08,37.2
2025-10-31T09:31:47.033799Z,RFID-Device-01,25.95,56.3
2025-10-31T09:31:52.035779Z,RFID-Device-01,27.41,52.3
2025-10-31T09:31:57.039980Z,RFID-Device-01,24.17,43.8
2025-10-31T09:32:02.041599Z,RFID-Device-01,29.08,43.1
2025-10-31T09:32:07.043248Z,RFID-Device-01,27.84,43.1
2025-10-31T09:32:12.044348Z,RFID-Device-01,23.78,61.2
2025-10-31T09:32:17.045426Z,RFID-Device-01,27.87,35.7
2025-10-31T09:32:22.046666Z,RFID-Device-01,28.89,45.7
2025-10-31T09:32:27.047901Z,RFID-Device-01,24.83,38.3
2025-10-31T09:32:32.049905Z,RFID-Device-01,22.22,44.4
2025-10-31T09:32:37.051515Z,RFID-Device-01,27.09,45.9
2025-10-31T09:32:42.052804Z,RFID-Device-01,22.41,37.8
2025-10-31T09:32:47.054354Z,RFID-Device-01,29.1,38.0
2025-10-31T09:32:52.055582Z,RFID-Device-01,26.35,43.1
2025-10-31T09:32:57.056785Z,RFID-Device-01,24.36,37.6
2025-10-31T09:33:02.058076Z,RFID-Device-01,27.44,41.0
2025-10-31T09:33:07.059416Z,RFID-Device-01,26.25,49.4
2025-10-31T09:33:12.060758Z,RFID-Device-01,23.2,55.9
2025-10-31T09:33:17.062077Z,RFID-Device-01,23.85,51.7
2025-10-31T09:33:22.063331Z,RFID-Device-01,27.05,44.2
2025-10-31T09:33:27.065281Z,RFID-Device-01,26.87,60.4
2025-10-31T09:33:32.066955Z,RFID-Device-01,23.99,45.2
2025-10-31T09:33:37.068033Z,RFID-Device-01,26.5,64.3
2025-10-31T09:33:42.069435Z,RFID-Device-01,27.15,53.7
2025-10-31T09:33:47.071394Z,RFID-Device-01,23.49,42.9
2025-10-31T09:33:52.073041Z,RFID-Device-01,25.93,42.5
2025-10-31T09:33:57.074293Z,RFID-Device-01,29.34,50.6
2025-10-31T09:34:02.075475Z,RFID-Device-01,22.21,64.8
2025-10-31T09:34:07.077043Z,RFID-Device-01,26.26,47.3
2025-10-31T09:34:12.078308Z,RFID-Device-01,25.6,59.1
2025-10-31T09:34:17.080037Z,RFID-Device-01,24.22,36.5
2025-10-31T09:34:22.081306Z,RFID-Device-01,28.71,50.2
2025-10-31T09:34:27.082265Z,RFID-Device-01,26.56,60.7
2025-10-31T09:34:32.083640Z,RFID-Device-01,26.4,46.3
2025-10-31T09:34:37.084754Z,RFID-Device-01,26.51,63.3
2025-10-31T09:34:42.085744Z,RFID-Device-01,25.2,35.9
2025-10-31T09:34:47.087241Z,RFID-Device-01,23.64,64.4
2025-10-31T09:34:52.089125Z,RFID-Device-01,29.65,52.3
2025-10-31T09:34:57.090724Z,RFID-Device-01,27.94,47.4
2025-10-31T09:35:02.092282Z,RFID-Device-01,26.05,43.4
2025-10-31T09:35:07.094295Z,RFID-Device-01,25.26,36.6
2025-10-31T09:35:12.095651Z,RFID-Device-01,23.28,61.2
2025-10-31T09:35:17.096903Z,RFID-Device-01,26.66,57.3
2025-10-31T09:35:22.098478Z,RFID-Device-01,28.25,56.4
2025-10-31T09:35:27.099843Z,RFID-Device-01,28.68,48.7
2025-10-31T09:35:32.101838Z,RFID-Device-01,28.85,41.5
2025-10-31T09:35:37.103645Z,RFID-Device-01,29.76,45.9
2025-10-31T09:35:42.104783Z,RFID-Device-01,26.95,41.7
2025-10-31T09:35:47.105775Z,RFID-Device-01,22.27,63.9
2025-10-31T09:35:52.114776Z,RFID-Device-01,26.71,64.1
2025-10-31T09:35:57.139111Z,RFID-Device-01,25.4,53.1
2025-10-31T09:36:02.140759Z,RFID-Device-01,24.82,46.6
2025-10-31T09:36:07.142201Z,RFID-Device-01,22.98,49.4
2025-10-31T09:36:12.143926Z,RFID-Device-01,22.44,57.9
2025-10-31T09:36:17.145555Z,RFID-Device-01,25.91,63.7
2025-10-31T09:36:22.146980Z,RFID-Device-01,23.22,50.9
2025-10-31T09:36:27.149232Z,RFID-Device-01,28.77,50.6
2025-10-31T09:36:32.150616Z,RFID-Device-01,28.86,45.8
2025-10-31T09:36:37.151765Z,RFID-Device-01,22.23,41.5
2025-10-31T09:36:42.153276Z,RFID-Device-01,24.56,58.0
2025-10-31T09:36:47.154955Z,RFID-Device-01,28.39,49.0
2025-10-31T09:36:52.157014Z,RFID-Device-01,24.04,49.6
2025-10-31T09:36:57.159489Z,RFID-Device-01,22.86,49.4
2025-10-31T09:37:02.161119Z,RFID-Device-01,26.12,61.9
2025-10-31T09:37:07.162040Z,RFID-Device-01,28.52,57.4
2025-10-31T09:37:12.163511Z,RFID-Device-01,22.65,53.9
2025-10-31T09:37:17.164566Z,RFID-Device-01,27.23,56.2
2025-10-31T09:37:22.166316Z,RFID-Device-01,24.2,64.8
2025-10-31T09:37:27.167545Z,RFID-Device-01,22.18,62.4
2025-10-31T09:37:32.170014Z,RFID-Device-01,27.01,59.9
2025-10-31T09:37:37.171699Z,RFID-Device-01,27.91,62.7
2025-10-31T09:37:42.173671Z,RFID-Device-01,27.33,37.0
2025-10-31T09:37:47.175031Z,RFID-Device-01,24.28,37.7
2025-10-31T09:37:52.176545Z,RFID-Device-01,26.97,64.4
2025-10-31T09:37:57.177989Z,RFID-Device-01,26.89,41.7
2025-10-31T09:38:02.200105Z,RFID-Device-01,29.91,49.9
2025-10-31T09:38:07.210061Z,RFID-Device-01,25.15,64.9
2025-10-31T09:38:12.211282Z,RFID-Device-01,28.34,53.0
2025-10-31T09:38:17.213124Z,RFID-Device-01,22.01,36.9
2025-10-31T09:38:22.214072Z,RFID-Device-01,22.45,64.2
2025-10-31T09:38:27.215267Z,RFID-Device-01,28.43,57.0
2025-10-31T09:38:32.217176Z,RFID-Device-01,28.75,53.4
2025-10-31T09:38:37.219169Z,RFID-Device-01,25.3,55.2
2025-10-31T09:38:42.221083Z,RFID-Device-01,22.69,41.9
2025-10-31T09:38:47.223039Z,RFID-Device-01,29.64,57.6
2025-10-31T09:38:52.225348Z,RFID-Device-01,25.19,38.5
2025-10-31T09:38:57.227492Z,RFID-Device-01,27.3,60.6
2025-10-31T09:39:02.229636Z,RFID-Device-01,27.64,46.9
2025-10-31T09:39:07.231954Z,RFID-Device-01,24.72,61.4
2025-10-31T09:39:12.234006Z,RFID-Device-01,22.98,56.4
2025-10-31T09:39:17.236129Z,RFID-Device-01,29.62,43.8
2025-10-31T09:39:22.238575Z,RFID-Device-01,26.04,51.3
2025-10-31T09:39:27.240486Z,RFID-Device-01,24.8,43.7
2025-10-31T09:39:32.242456Z,RFID-Device-01,29.39,46.9
2025-10-31T09:39:37.244896Z,RFID-Device-01,23.98,59.3
2025-10-31T09:39:42.247314Z,RFID-Device-01,24.4,57.5
2025-10-31T09:39:47.250357Z,RFID-Device-01,24.61,35.2
2025-10-31T09:39:52.252593Z,RFID-Device-01,22.64,37.7
2025-10-31T09:39:57.254901Z,RFID-Device-01,22.0,62.4
2025-10-31T09:40:02.257342Z,RFID-Device-01,26.65,62.4
2025-10-31T09:40:07.259821Z,RFID-Device-01,28.42,42.0
2025-10-31T09:40:12.262517Z,RFID-Device-01,29.66,45.0
2025-10-31T09:40:17.265717Z,RFID-Device-01,27.14,42.1
2025-10-31T09:40:22.269442Z,RFID-Device-01,23.07,58.2
2025-10-31T09:40:27.271464Z,RFID-Device-01,28.82,48.1
2025-10-31T09:40:32.273723Z,RFID-Device-01,27.16,42.3
2025-10-31T09:40:37.275940Z,RFID-Device-01,26.04,51.0
2025-10-31T09:40:42.279303Z,RFID-Device-01,26.34,41.1
2025-10-31T09:40:47.281583Z,RFID-Device-01,22.62,38.6
2025-10-31T09:40:52.283425Z,RFID-Device-01,29.21,46.7
2025-10-31T09:40:57.285569Z,RFID-Device-01,28.9,58.5
2025-10-31T09:41:02.287547Z,RFID-Device-01,26.19,59.1
2025-10-31T09:41:07.289714Z,RFID-Device-01,25.76,52.7
2025-10-31T09:41:12.292027Z,RFID-Device-01,26.27,36.7
2025-10-31T09:41:17.295304Z,RFID-Device-01,29.14,59.0
2025-10-31T09:41:22.297684Z,RFID-Device-01,27.5,46.5
2025-10-31T09:41:27.299931Z,RFID-Device-01,25.84,45.0
2025-10-31T09:41:32.301688Z,RFID-Device-01,24.65,52.7
2025-10-31T09:41:37.303995Z,RFID-Device-01,25.41,63.3
2025-10-31T09:41:42.306443Z,RFID-Device-01,24.86,40.7
2025-10-31T09:41:47.310884Z,RFID-Device-01,25.49,41.7
2025-10-31T09:41:52.313168Z,RFID-Device-01,24.58,64.0
2025-10-31T09:41:57.315205Z,RFID-Device-01,23.49,48.9
2025-10-31T09:42:02.317189Z,RFID-Device-01,25.21,43.7
2025-10-31T09:42:07.319452Z,RFID-Device-01,24.92,62.7
2025-10-31T09:42:12.321770Z,RFID-Device-01,28.44,37.1
2025-10-31T09:42:17.326025Z,RFID-Device-01,25.05,36.4
2025-10-31T09:42:22.328098Z,RFID-Device-01,27.89,53.8
2025-10-31T09:42:27.330232Z,RFID-Device-01,27.71,35.6
2025-10-31T09:42:32.332408Z,RFID-Device-01,23.02,46.9
2025-10-31T09:42:37.334413Z,RFID-Device-01,28.79,63.0
2025-10-31T09:42:42.336573Z,RFID-Device-01,28.77,43.4
2025-10-31T09:42:47.342087Z,RFID-Device-01,25.48,43.8
2025-10-31T09:42:52.344840Z,RFID-Device-01,28.94,59.1
2025-10-31T09:42:57.347202Z,RFID-Device-01,22.8,51.4
2025-10-31T09:43:02.349270Z,RFID-Device-01,29.5,42.5
2025-10-31T09:43:07.351246Z,RFID-Device-01,26.68,42.4
2025-10-31T09:43:12.355007Z,RFID-Device-01,26.11,44.6
2025-10-31T09:43:17.357806Z,RFID-Device-01,26.01,45.4
2025-10-31T09:43:22.359998Z,RFID-Device-01,23.1,38.0
2025-10-31T09:43:27.362452Z,RFID-Device-01,23.3,62.6
2025-10-31T09:43:32.367957Z,RFID-Device-01,24.65,63.8
2025-10-31T09:43:37.372583Z,RFID-Device-01,25.08,59.2
2025-10-31T09:43:42.374888Z,RFID-Device-01,25.07,53.4
2025-10-31T09:43:47.377414Z,RFID-Device-01,22.62,51.5
2025-10-31T09:43:52.379732Z,RFID-Device-01,22.32,43.6
2025-10-31T09:43:57.382098Z,RFID-Device-01,26.85,58.6
2025-10-31T09:44:02.385004Z,RFID-Device-01,22.28,38.3
2025-10-31T09:44:07.389070Z,RFID-Device-01,29.08,43.0
2025-10-31T09:44:12.391095Z,RFID-Device-01,25.57,42.7
2025-10-31T09:44:17.393189Z,RFID-Device-01,22.36,50.5
2025-10-31T09:44:22.395408Z,RFID-Device-01,26.7,47.3
2025-10-31T09:44:27.397339Z,RFID-Device-01,28.56,52.0
2025-10-31T09:44:32.402136Z,RFID-Device-01,26.34,60.8
2025-10-31T09:44:37.405592Z,RFID-Device-01,29.56,52.5
2025-10-31T09:44:42.407416Z,RFID-Device-01,27.12,47.3
2025-10-31T09:44:47.409850Z,RFID-Device-01,26.42,44.0
2025-10-31T09:44:52.412111Z,RFID-Device-01,22.72,49.8
2025-10-31T09:44:57.414511Z,RFID-Device-01,22.8,60.5
2025-10-31T09:45:02.423979Z,RFID-Device-01,29.15,49.6
2025-10-31T09:45:07.426010Z,RFID-Device-01,28.47,55.3
2025-10-31T09:45:12.427941Z,RFID-Device-01,24.55,38.9
2025-10-31T09:45:17.429853Z,RFID-Device-01,29.83,61.9
2025-10-31T09:45:22.434148Z,RFID-Device-01,23.56,49.8
2025-10-31T09:45:27.436101Z,RFID-Device-01,26.68,43.9
2025-10-31T09:45:32.438190Z,RFID-Device-01,29.74,60.9
2025-10-31T09:45:37.440058Z,RFID-Device-01,27.47,57.8
2025-10-31T09:45:42.442080Z,RFID-Device-01,22.55,54.8
2025-10-31T09:45:47.444041Z,RFID-Device-01,23.69,39.5
2025-10-31T09:45:52.448393Z,RFID-Device-01,22.36,52.7
2025-10-31T09:45:57.450938Z,RFID-Device-01,26.05,58.3
2025-10-31T09:46:02.452969Z,RFID-Device-01,28.4,36.6
2025-10-31T09:46:07.455236Z,RFID-Device-01,29.39,54.1
2025-10-31T09:46:12.457250Z,RFID-Device-01,24.78,35.5
2025-10-31T09:46:17.459534Z,RFID-Device-01,24.01,38.7
2025-10-31T09:46:22.464959Z,RFID-Device-01,22.47,44.5
2025-10-31T09:46:27.466908Z,RFID-Device-01,28.5,58.4
2025-10-31T09:46:32.469286Z,RFID-Device-01,27.68,50.4
2025-10-31T09:46:37.471657Z,RFID-Device-01,26.42,58.0
2025-10-31T09:46:42.473831Z,RFID-Device-01,29.06,40.3
2025-10-31T09:46:47.477444Z,RFID-Device-01,29.44,36.3
2025-10-31T09:46:52.481360Z,RFID-Device-01,23.73,37.7
2025-10-31T09:46:57.483666Z,RFID-Device-01,28.44,35.9
2025-10-31T09:47:02.485974Z,RFID-Device-01,22.64,60.1
2025-10-31T09:47:07.488041Z,RFID-Device-01,27.36,56.7
2025-10-31T09:47:12.490048Z,RFID-Device-01,24.91,59.6
2025-10-31T09:47:17.493907Z,RFID-Device-01,26.63,49.2
2025-10-31T09:47:22.497233Z,RFID-Device-01,24.72,49.8
2025-10-31T09:47:27.499747Z,RFID-Device-01,22.1,49.9
2025-10-31T09:47:32.501800Z,RFID-Device-01,24.24,64.5
2025-10-31T09:47:37.503939Z,RFID-Device-01,27.0,35.8
2025-10-31T09:47:42.506187Z,RFID-Device-01,24.9,62.5
2025-10-31T09:47:47.512497Z,RFID-Device-01,23.37,36.1
2025-10-31T09:47:52.514597Z,RFID-Device-01,23.05,45.9
2025-10-31T09:47:57.516799Z,RFID-Device-01,25.65,46.1
2025-10-31T09:48:02.519102Z,RFID-Device-01,24.47,37.2
2025-10-31T09:48:07.521597Z,RFID-Device-01,26.75,36.5
2025-10-31T09:48:12.525129Z,RFID-Device-01,27.39,56.6
2025-10-31T09:48:17.527468Z,RFID-Device-01,25.96,63.3
2025-10-31T09:48:22.529198Z,RFID-Device-01,23.33,60.9
2025-10-31T09:48:27.531602Z,RFID-Device-01,22.53,46.6
2025-10-31T09:48:32.533895Z,RFID-Device-01,29.9,36.1
2025-10-31T09:48:37.535766Z,RFID-Device-01,29.68,60.4
2025-10-31T09:48:42.540672Z,RFID-Device-01,25.57,47.7
2025-10-31T09:48:47.543100Z,RFID-Device-01,23.14,56.0
2025-10-31T09:48:52.545301Z,RFID-Device-01,23.64,59.6
2025-10-31T09:48:57.547306Z,RFID-Device-01,26.11,42.2
2025-10-31T09:49:02.549723Z,RFID-Device-01,26.69,42.5
2025-10-31T09:49:07.552111Z,RFID-Device-01,22.72,58.8
2025-10-31T09:49:12.556331Z,RFID-Device-01,22.86,60.9
2025-10-31T09:49:17.558250Z,RFID-Device-01,25.68,40.3
2025-10-31T09:49:22.560352Z,RFID-Device-01,29.71,64.6
2025-10-31T09:49:27.562405Z,RFID-Device-01,22.92,40.3
2025-10-31T09:49:32.564580Z,RFID-Device-01,28.12,60.4
2025-10-31T09:49:37.566765Z,RFID-Device-01,22.47,35.4
2025-10-31T09:49:42.571132Z,RFID-Device-01,25.72,43.9
2025-10-31T09:49:47.573924Z,RFID-Device-01,23.95,54.1
2025-10-31T09:49:52.576399Z,RFID-Device-01,25.69,37.0
2025-10-31T09:49:57.578669Z,RFID-Device-01,24.18,56.7
2025-10-31T09:50:02.580762Z,RFID-Device-01,27.83,62.6
2025-10-31T09:50:07.586379Z,RFID-Device-01,25.72,47.6
2025-10-31T09:50:12.588937Z,RFID-Device-01,28.16,50.2
2025-10-31T09:50:17.590622Z,RFID-Device-01,23.05,40.0
2025-10-31T09:50:22.592454Z,RFID-Device-01,29.09,47.5
2025-10-31T09:50:27.594317Z,RFID-Device-01,29.48,45.6
2025-10-31T09:50:32.596743Z,RFID-Device-01,23.5,59.2
2025-10-31T09:50:37.599147Z,RFID-Device-01,25.82,41.7
2025-10-31T09:50:42.601958Z,RFID-Device-01,26.27,40.6
2025-10-31T09:50:47.603889Z,RFID-Device-01,24.44,51.4
2025-10-31T09:50:52.606214Z,RFID-Device-01,28.09,64.8
2025-10-31T09:50:57.608732Z,RFID-Device-01,25.74,54.5
2025-10-31T09:51:02.610466Z,RFID-Device-01,29.95,60.8
2025-10-31T09:51:07.612310Z,RFID-Device-01,23.17,44.2
2025-10-31T09:51:12.614722Z,RFID-Device-01,28.06,58.7
2025-10-31T09:51:17.617835Z,RFID-Device-01,24.78,38.9
2025-10-31T09:51:22.620216Z,RFID-Device-01,24.59,48.7
2025-10-31T09:51:27.622321Z,RFID-Device-01,28.91,63.6
2025-10-31T09:51:32.624454Z,RFID-Device-01,26.99,36.5
2025-10-31T09:51:37.626759Z,RFID-Device-01,23.23,49.7
2025-10-31T09:51:42.629236Z,RFID-Device-01,24.8,51.5
2025-10-31T09:51:47.631783Z,RFID-Device-01,27.12,40.4
2025-10-31T09:51:52.633891Z,RFID-Device-01,28.89,58.1
2025-10-31T09:51:57.636233Z,RFID-Device-01,26.17,63.0
2025-10-31T09:52:02.638628Z,RFID-Device-01,26.84,36.0
2025-10-31T09:52:07.639952Z,RFID-Device-01,25.42,35.6
2025-10-31T09:52:12.642341Z,RFID-Device-01,29.46,59.6
2025-10-31T09:52:17.645500Z,RFID-Device-01,28.12,53.9
2025-10-31T09:52:22.648016Z,RFID-Device-01,22.59,38.2
2025-10-31T09:52:27.650448Z,RFID-Device-01,24.96,49.4
2025-10-31T09:52:32.652738Z,RFID-Device-01,27.46,40.0
2025-10-31T09:52:37.655185Z,RFID-Device-01,22.07,46.5
2025-10-31T09:52:42.657211Z,RFID-Device-01,24.98,40.1
2025-10-31T09:52:47.660514Z,RFID-Device-01,23.14,44.8
2025-10-31T09:52:52.662236Z,RFID-Device-01,28.02,64.2
2025-10-31T09:52:57.664590Z,RFID-Device-01,27.7,49.8
2025-10-31T09:53:02.666784Z,RFID-Device-01,29.58,47.9
2025-10-31T09:53:07.668699Z,RFID-Device-01,29.98,39.1
2025-10-31T09:53:12.671036Z,RFID-Device-01,26.16,64.7
2025-10-31T09:53:17.672393Z,RFID-Device-01,26.24,36.5
2025-10-31T09:53:22.675970Z,RFID-Device-01,27.73,50.4
2025-10-31T09:53:27.677908Z,RFID-Device-01,24.11,52.5
2025-10-31T09:53:32.679895Z,RFID-Device-01,22.99,36.6
2025-10-31T09:53:37.681611Z,RFID-Device-01,28.11,53.1
2025-10-31T09:53:42.683744Z,RFID-Device-01,28.58,46.8
2025-10-31T09:53:47.686855Z,RFID-Device-01,22.93,45.7
2025-10-31T09:53:52.702945Z,RFID-Device-01,28.12,35.8
2025-10-31T09:53:57.704533Z,RFID-Device-01,27.48,45.5
2025-10-31T09:54:02.706552Z,RFID-Device-01,29.02,38.9
2025-10-31T09:54:07.708666Z,RFID-Device-01,27.25,51.8
2025-10-31T09:54:12.711054Z,RFID-Device-01,24.96,58.3
2025-10-31T09:54:17.713303Z,RFID-Device-01,28.35,56.1
2025-10-31T09:54:22.715329Z,RFID-Device-01,28.81,38.6
2025-10-31T09:54:27.717509Z,RFID-Device-01,25.56,42.3
2025-10-31T09:54:32.723803Z,RFID-Device-01,26.92,36.7
2025-10-31T09:54:37.727253Z,RFID-Device-01,26.86,41.1
2025-10-31T09:54:42.729432Z,RFID-Device-01,27.72,35.9
2025-10-31T09:54:47.731370Z,RFID-Device-01,29.36,39.9
2025-10-31T09:54:52.732958Z,RFID-Device-01,28.48,58.4
2025-10-31T09:54:57.734782Z,RFID-Device-01,26.56,38.8
2025-10-31T09:55:02.736489Z,RFID-Device-01,29.65,47.5
2025-10-31T09:55:07.738480Z,RFID-Device-01,24.32,42.0
2025-10-31T09:55:12.740111Z,RFID-Device-01,28.12,37.5
2025-10-31T09:55:17.742169Z,RFID-Device-01,27.6,51.5
2025-10-31T09:55:22.744102Z,RFID-Device-01,22.63,41.4
2025-10-31T09:55:27.745792Z,RFID-Device-01,22.8,50.2
2025-10-31T09:55:32.747612Z,RFID-Device-01,22.43,60.2
2025-10-31T09:55:37.749253Z,RFID-Device-01,25.9,53.9
2025-10-31T09:55:42.753030Z,RFID-Device-01,23.44,36.4
2025-10-31T09:55:47.754811Z,RFID-Device-01,22.42,54.4
2025-10-31T09:55:52.756949Z,RFID-Device-01,25.97,55.9
2025-10-31T09:55:57.758890Z,RFID-Device-01,29.95,47.7
2025-10-31T09:56:02.760991Z,RFID-Device-01,23.58,50.7
2025-10-31T09:56:07.831740Z,RFID-Device-01,27.19,56.3
2025-10-31T09:56:12.833128Z,RFID-Device-01,23.93,42.5
2025-10-31T09:56:17.834611Z,RFID-Device-01,22.69,35.1
2025-10-31T09:56:22.836500Z,RFID-Device-01,23.68,64.9
2025-10-31T09:56:27.838048Z,RFID-Device-01,28.49,52.2
2025-10-31T09:56:32.839565Z,RFID-Device-01,29.22,39.9
2025-10-31T09:56:37.841231Z,RFID-Device-01,25.13,47.3
2025-10-31T09:56:42.842507Z,RFID-Device-01,23.68,57.2
2025-10-31T09:56:47.844270Z,RFID-Device-01,27.95,38.1
2025-10-31T09:56:52.845571Z,RFID-Device-01,25.72,36.8
2025-10-31T09:56:57.871729Z,RFID-Device-01,29.23,42.2
2025-10-31T09:57:02.910739Z,RFID-Device-01,24.09,63.6
2025-10-31T09:57:07.912201Z,RFID-Device-01,29.49,42.2
2025-10-31T09:57:12.913917Z,RFID-Device-01,25.62,35.6
2025-10-31T09:57:17.915543Z,RFID-Device-01,28.18,60.6
2025-10-31T09:57:22.917132Z,RFID-Device-01,29.78,36.6
2025-10-31T09:57:27.918676Z,RFID-Device-01,23.58,54.8
2025-10-31T09:57:32.921167Z,RFID-Device-01,24.65,63.3
2025-10-31T09:57:37.922676Z,RFID-Device-01,29.86,50.5
2025-10-31T09:57:42.924269Z,RFID-Device-01,23.73,39.9
2025-10-31T09:57:47.926538Z,RFID-Device-01,26.5,53.9
2025-10-31T09:57:52.928880Z,RFID-Device-01,28.63,53.3
2025-10-31T09:57:57.930574Z,RFID-Device-01,28.97,61.3
2025-10-31T09:58:02.932094Z,RFID-Device-01,29.35,45.7
2025-10-31T09:58:07.934541Z,RFID-Device-01,22.19,64.4
2025-10-31T09:58:12.936897Z,RFID-Device-01,24.75,63.8
2025-10-31T09:58:17.939362Z,RFID-Device-01,23.73,38.0
2025-10-31T09:58:22.940815Z,RFID-Device-01,22.52,64.9
2025-10-31T09:58:27.943682Z,RFID-Device-01,25.29,40.2
2025-10-31T09:58:32.946244Z,RFID-Device-01,27.58,51.9
2025-10-31T09:58:37.948214Z,RFID-Device-01,27.27,48.9
2025-10-31T09:58:42.950222Z,RFID-Device-01,26.11,55.9
2025-10-31T09:58:47.951893Z,RFID-Device-01,29.25,59.6
2025-10-31T09:58:52.953839Z,RFID-Device-01,28.07,38.6
2025-10-31T09:58:57.955499Z,RFID-Device-01,26.03,55.5
2025-10-31T09:59:02.957228Z,RFID-Device-01,29.53,64.2
2025-10-31T09:59:07.959476Z,RFID-Device-01,26.23,56.9
2025-10-31T09:59:12.961993Z,RFID-Device-01,24.53,48.7
2025-10-31T09:59:17.964431Z,RFID-Device-01,23.25,64.5
2025-10-31T09:59:22.966774Z,RFID-Device-01,28.78,55.8
2025-10-31T09:59:27.968535Z,RFID-Device-01,28.28,58.5
2025-10-31T09:59:32.970654Z,RFID-Device-01,23.6,53.2
2025-10-31T09:59:37.973452Z,RFID-Device-01,28.03,36.8
2025-10-31T09:59:42.975874Z,RFID-Device-01,27.26,63.2
2025-10-31T09:59:47.978224Z,RFID-Device-01,23.57,56.4
2025-10-31T09:59:52.980546Z,RFID-Device-01,28.5,56.2
2025-10-31T09:59:57.982607Z,RFID-Device-01,25.0,63.9
2025-10-31T10:00:02.984633Z,RFID-Device-01,24.56,36.9
2025-10-31T10:00:07.986112Z,RFID-Device-01,25.78,44.4
2025-10-31T10:00:12.989612Z,RFID-Device-01,25.73,41.4
2025-10-31T10:00:17.991639Z,RFID-Device-01,27.89,49.3
2025-10-31T10:00:22.993854Z,RFID-Device-01,26.11,61.0
2025-10-31T10:00:27.996243Z,RFID-Device-01,24.59,50.1
2025-10-31T10:00:32.998370Z,RFID-Device-01,22.52,45.0
2025-10-31T10:00:38.000308Z,RFID-Device-01,27.91,50.7
2025-10-31T10:00:43.003430Z,RFID-Device-01,26.49,45.5
2025-10-31T10:00:48.005720Z,RFID-Device-01,24.36,44.8
2025-10-31T10:00:53.007886Z,RFID-Device-01,26.99,60.8
2025-10-31T10:00:58.010337Z,RFID-Device-01,28.47,43.6
2025-10-31T10:01:03.012589Z,RFID-Device-01,27.1,53.0
2025-10-31T10:01:08.014557Z,RFID-Device-01,22.24,53.5
2025-10-31T10:01:13.016435Z,RFID-Device-01,24.29,54.5
2025-10-31T10:01:18.018438Z,RFID-Device-01,24.04,42.3
2025-10-31T10:01:23.020613Z,RFID-Device-01,25.86,46.9
2025-10-31T10:01:28.022496Z,RFID-Device-01,22.74,46.1
2025-10-31T10:01:33.024776Z,RFID-Device-01,27.39,48.8
2025-10-31T10:01:38.026357Z,RFID-Device-01,23.83,48.6
2025-10-31T10:01:43.027805Z,RFID-Device-01,25.29,58.4
2025-10-31T10:01:48.029728Z,RFID-Device-01,25.73,45.4
2025-10-31T10:01:53.069205Z,RFID-Device-01,23.31,64.2
2025-10-31T10:01:58.070580Z,RFID-Device-01,26.45,42.1
2025-10-31T10:02:03.072878Z,RFID-Device-01,29.96,42.3
2025-10-31T10:02:08.074537Z,RFID-Device-01,25.45,44.7
2025-10-31T10:02:13.076280Z,RFID-Device-01,27.21,35.6
2025-10-31T10:02:18.078319Z,RFID-Device-01,28.42,39.2
2025-10-31T10:02:23.079776Z,RFID-Device-01,27.95,63.8
2025-10-31T10:02:28.083394Z,RFID-Device-01,22.1,58.1
2025-10-31T10:02:33.085654Z,RFID-Device-01,29.42,46.1
2025-10-31T10:02:38.087192Z,RFID-Device-01,25.41,44.3
2025-10-31T10:02:43.089107Z,RFID-Device-01,28.44,35.3
2025-10-31T10:02:48.090705Z,RFID-Device-01,23.19,64.7
2025-10-31T10:02:53.092839Z,RFID-Device-01,28.49,45.4
2025-10-31T10:02:58.094174Z,RFID-Device-01,24.06,39.9
2025-10-31T10:03:03.097825Z,RFID-Device-01,23.89,57.7
2025-10-31T10:03:08.101005Z,RFID-Device-01,24.44,54.3
2025-10-31T10:03:13.103210Z,RFID-Device-01,24.7,43.7
2025-10-31T10:03:18.106053Z,RFID-Device-01,23.21,59.5
2025-10-31T10:03:23.107851Z,RFID-Device-01,26.91,39.6
2025-10-31T10:03:28.109445Z,RFID-Device-01,24.29,50.6
2025-10-31T10:03:33.112508Z,RFID-Device-01,28.79,49.6
2025-10-31T10:03:38.114124Z,RFID-Device-01,24.2,57.6
2025-10-31T10:03:43.116332Z,RFID-Device-01,28.83,36.1
2025-10-31T10:03:48.118363Z,RFID-Device-01,25.97,36.1
2025-10-31T10:03:53.120791Z,RFID-Device-01,29.36,63.9
2025-10-31T10:03:58.123118Z,RFID-Device-01,22.99,63.3
2025-10-31T10:04:03.125224Z,RFID-Device-01,28.89,46.1
2025-10-31T10:04:08.127626Z,RFID-Device-01,24.27,39.5
2025-10-31T10:04:13.129896Z,RFID-Device-01,23.26,57.9
2025-10-31T10:04:18.132015Z,RFID-Device-01,22.8,36.0
2025-10-31T10:04:23.134202Z,RFID-Device-01,29.08,59.3
2025-10-31T10:04:28.136515Z,RFID-Device-01,24.57,58.1
2025-10-31T10:04:33.138810Z,RFID-Device-01,24.06,51.7
2025-10-31T10:04:38.141321Z,RFID-Device-01,22.67,60.1
2025-10-31T10:04:43.143613Z,RFID-Device-01,24.57,53.5
2025-10-31T10:04:48.145823Z,RFID-Device-01,28.59,61.5
2025-10-31T10:04:53.148098Z,RFID-Device-01,23.77,35.7
2025-10-31T10:04:58.150282Z,RFID-Device-01,26.85,39.4
2025-10-31T10:05:03.152742Z,RFID-Device-01,25.18,46.3
2025-10-31T10:05:08.154827Z,RFID-Device-01,25.83,41.9
2025-10-31T10:05:13.157219Z,RFID-Device-01,27.04,40.3
2025-10-31T10:05:18.159494Z,RFID-Device-01,25.61,61.2
2025-10-31T10:05:23.161389Z,RFID-Device-01,23.86,58.9
2025-10-31T10:05:28.163514Z,RFID-Device-01,23.01,54.0
2025-10-31T10:05:33.165666Z,RFID-Device-01,29.39,44.7
2025-10-31T10:05:38.167657Z,RFID-Device-01,27.56,54.4
2025-10-31T10:05:43.169916Z,RFID-Device-01,22.77,52.0
2025-10-31T10:05:48.172083Z,RFID-Device-01,25.93,54.2
2025-10-31T10:05:53.173916Z,RFID-Device-01,27.56,60.7
2025-10-31T10:05:58.175680Z,RFID-Device-01,26.08,53.6
2025-10-31T10:06:03.177882Z,RFID-Device-01,23.11,43.1
2025-10-31T10:06:08.179953Z,RFID-Device-01,23.63,43.2
2025-10-31T10:06:13.182348Z,RFID-Device-01,23.35,38.5
2025-10-31T10:06:18.183975Z,RFID-Device-01,27.12,59.1
2025-10-31T10:06:23.186111Z,RFID-Device-01,25.32,61.3
2025-10-31T10:06:28.187877Z,RFID-Device-01,26.67,48.5
2025-10-31T10:06:33.190694Z,RFID-Device-01,26.78,49.9
2025-10-31T10:06:38.192626Z,RFID-Device-01,29.0,57.6
2025-10-31T10:06:43.194311Z,RFID-Device-01,22.59,56.6
2025-10-31T10:06:48.196858Z,RFID-Device-01,23.28,36.2
2025-10-31T10:06:53.198666Z,RFID-Device-01,27.7,59.4
2025-10-31T10:06:58.201198Z,RFID-Device-01,27.97,59.9
2025-10-31T10:07:03.203992Z,RFID-Device-01,22.59,44.5
2025-10-31T10:07:08.205843Z,RFID-Device-01,24.28,48.7
2025-10-31T10:07:13.208356Z,RFID-Device-01,29.92,48.5
2025-10-31T10:07:18.210030Z,RFID-Device-01,28.36,61.8
2025-10-31T10:07:23.212125Z,RFID-Device-01,25.86,55.7
2025-10-31T10:07:28.213747Z,RFID-Device-01,24.96,51.2
2025-10-31T10:07:33.215617Z,RFID-Device-01,28.49,51.5
2025-10-31T10:07:38.216981Z,RFID-Device-01,24.21,44.6
2025-10-31T10:07:43.218927Z,RFID-Device-01,26.67,61.8
2025-10-31T10:07:48.220694Z,RFID-Device-01,27.99,59.5
2025-10-31T10:07:53.221944Z,RFID-Device-01,26.62,36.3
2025-10-31T10:07:58.224385Z,RFID-Device-01,23.09,61.2
2025-10-31T10:08:03.295402Z,RFID-Device-01,26.47,52.7
2025-10-31T10:08:08.296954Z,RFID-Device-01,26.03,55.9
2025-10-31T10:08:13.299550Z,RFID-Device-01,25.06,56.3
2025-10-31T10:08:18.302013Z,RFID-Device-01,22.76,58.1
2025-10-31T10:08:23.303574Z,RFID-Device-01,25.1,57.1
2025-10-31T10:08:28.305040Z,RFID-Device-01,25.97,37.7
2025-10-31T10:08:33.307497Z,RFID-Device-01,26.28,39.4
2025-10-31T10:08:38.310664Z,RFID-Device-01,28.42,38.5
2025-10-31T10:08:43.312627Z,RFID-Device-01,27.51,64.8
2025-10-31T10:08:48.314874Z,RFID-Device-01,26.81,59.5
2025-10-31T10:08:53.317121Z,RFID-Device-01,27.91,60.3
2025-10-31T10:08:58.319779Z,RFID-Device-01,29.53,62.1
2025-10-31T10:09:03.321917Z,RFID-Device-01,29.37,59.7
2025-10-31T10:09:08.324348Z,RFID-Device-01,28.87,56.8
2025-10-31T10:09:13.326841Z,RFID-Device-01,22.15,47.0
2025-10-31T10:09:18.329253Z,RFID-Device-01,22.82,55.7
2025-10-31T10:09:23.331275Z,RFID-Device-01,29.29,43.2
2025-10-31T10:09:28.333413Z,RFID-Device-01,28.12,35.0
2025-10-31T10:09:33.336034Z,RFID-Device-01,22.62,56.8
2025-10-31T10:09:38.337806Z,RFID-Device-01,22.97,36.2
2025-10-31T10:09:43.340037Z,RFID-Device-01,23.33,44.0
2025-10-31T10:09:48.342057Z,RFID-Device-01,23.03,38.6
2025-10-31T10:09:53.344508Z,RFID-Device-01,27.78,58.3
2025-10-31T10:09:58.346680Z,RFID-Device-01,25.67,45.4
2025-10-31T10:10:03.349082Z,RFID-Device-01,23.0,58.5
2025-10-31T10:10:08.351262Z,RFID-Device-01,27.53,52.0
2025-10-31T10:10:13.353436Z,RFID-Device-01,22.27,55.6
2025-10-31T10:10:18.355714Z,RFID-Device-01,27.35,45.6
2025-10-31T10:10:23.357953Z,RFID-Device-01,27.17,37.8
2025-10-31T10:10:28.359797Z,RFID-Device-01,29.51,42.8
2025-10-31T10:10:33.361994Z,RFID-Device-01,26.97,46.5
2025-10-31T10:10:38.364415Z,RFID-Device-01,23.99,54.5
2025-10-31T10:10:43.366809Z,RFID-Device-01,28.44,37.3
2025-10-31T10:10:48.368815Z,RFID-Device-01,24.33,39.2
2025-10-31T10:10:53.371241Z,RFID-Device-01,25.29,47.9
2025-10-31T10:10:58.373653Z,RFID-Device-01,22.17,49.8
2025-10-31T10:11:03.375840Z,RFID-Device-01,24.63,61.5
2025-10-31T10:11:08.377703Z,RFID-Device-01,28.25,54.4
2025-10-31T10:11:13.379908Z,RFID-Device-01,22.66,35.9
2025-10-31T10:11:18.382160Z,RFID-Device-01,29.17,44.4
2025-10-31T10:11:23.384032Z,RFID-Device-01,26.76,37.5
2025-10-31T10:11:28.386249Z,RFID-Device-01,22.39,48.2
2025-10-31T10:11:33.388871Z,RFID-Device-01,26.58,49.5
2025-10-31T10:11:38.391062Z,RFID-Device-01,26.59,63.4
2025-10-31T10:11:43.393084Z,RFID-Device-01,27.6,60.5
2025-10-31T10:11:48.395310Z,RFID-Device-01,27.97,49.3
2025-10-31T10:11:53.397419Z,RFID-Device-01,25.57,56.0
2025-10-31T10:11:58.399712Z,RFID-Device-01,22.11,54.3
2025-10-31T10:12:03.402054Z,RFID-Device-01,23.27,57.4
2025-10-31T10:12:08.404648Z,RFID-Device-01,29.48,45.8
2025-10-31T10:12:13.407184Z,RFID-Device-01,29.4,61.5
2025-10-31T10:12:18.409586Z,RFID-Device-01,25.56,47.7
2025-10-31T10:12:23.411672Z,RFID-Device-01,26.62,39.5
2025-10-31T10:12:28.413652Z,RFID-Device-01,29.82,55.3
2025-10-31T10:12:33.415831Z,RFID-Device-01,25.82,43.7
2025-10-31T10:12:38.418586Z,RFID-Device-01,22.37,45.5
2025-10-31T10:12:43.420648Z,RFID-Device-01,23.82,58.8
2025-10-31T10:12:48.422622Z,RFID-Device-01,25.46,59.5
2025-10-31T10:12:53.424853Z,RFID-Device-01,24.96,46.0
2025-10-31T10:12:58.426903Z,RFID-Device-01,27.88,40.2
2025-10-31T10:13:03.428567Z,RFID-Device-01,29.37,37.0
2025-10-31T10:13:08.430763Z,RFID-Device-01,28.83,58.1
2025-10-31T10:13:13.432969Z,RFID-Device-01,23.08,62.3
2025-10-31T10:13:18.435271Z,RFID-Device-01,25.98,40.7
2025-10-31T10:13:23.437674Z,RFID-Device-01,24.76,38.5
2025-10-31T10:13:28.439532Z,RFID-Device-01,26.12,49.4
2025-10-31T10:13:33.441578Z,RFID-Device-01,25.98,58.5
2025-10-31T10:13:38.443636Z,RFID-Device-01,23.56,57.3
2025-10-31T10:13:43.445866Z,RFID-Device-01,27.48,55.4
2025-10-31T10:13:48.448569Z,RFID-Device-01,25.71,35.5
2025-10-31T10:13:53.451087Z,RFID-Device-01,27.75,40.3
2025-10-31T10:13:58.453038Z,RFID-Device-01,28.1,60.0
2025-10-31T10:14:03.455146Z,RFID-Device-01,22.5,54.1
2025-10-31T10:14:08.457264Z,RFID-Device-01,23.0,49.4
2025-10-31T10:14:13.459332Z,RFID-Device-01,23.45,49.2
2025-10-31T10:14:18.461667Z,RFID-Device-01,26.77,54.4
2025-10-31T10:14:23.532532Z,RFID-Device-01,28.84,57.7
2025-10-31T10:14:28.535341Z,RFID-Device-01,22.99,52.4
2025-10-31T10:14:33.537740Z,RFID-Device-01,29.34,35.2
2025-10-31T10:14:38.540380Z,RFID-Device-01,28.92,56.6
2025-10-31T10:14:43.542987Z,RFID-Device-01,25.83,40.5
2025-10-31T10:14:48.545638Z,RFID-Device-01,28.84,60.7
2025-10-31T10:14:53.547804Z,RFID-Device-01,26.76,48.6
2025-10-31T10:14:58.550247Z,RFID-Device-01,29.32,41.3
2025-10-31T10:15:03.552737Z,RFID-Device-01,24.27,43.9
2025-10-31T10:15:08.555155Z,RFID-Device-01,28.5,55.0
2025-10-31T10:15:13.557342Z,RFID-Device-01,28.44,39.5
2025-10-31T10:15:18.559035Z,RFID-Device-01,25.83,35.1
2025-10-31T10:15:23.560993Z,RFID-Device-01,26.69,61.7
2025-10-31T10:15:28.562627Z,RFID-Device-01,25.26,48.8
2025-10-31T10:15:33.563656Z,RFID-Device-01,26.27,60.5
2025-10-31T10:15:38.564573Z,RFID-Device-01,28.34,46.4
2025-10-31T10:15:43.566288Z,RFID-Device-01,27.19,42.2
2025-10-31T10:15:48.568407Z,RFID-Device-01,26.54,51.7
2025-10-31T10:15:53.569852Z,RFID-Device-01,22.81,60.3
2025-10-31T10:15:58.571416Z,RFID-Device-01,25.12,61.3
2025-10-31T10:16:03.572981Z,RFID-Device-01,25.55,35.3
2025-10-31T10:16:08.574807Z,RFID-Device-01,27.07,54.8
2025-10-31T10:16:13.576748Z,RFID-Device-01,28.8,41.2
2025-10-31T10:16:18.578277Z,RFID-Device-01,23.38,42.6
2025-10-31T10:16:23.579388Z,RFID-Device-01,27.81,43.6
2025-10-31T10:16:28.581182Z,RFID-Device-01,23.47,36.9
2025-10-31T10:16:33.582160Z,RFID-Device-01,28.12,44.5
2025-10-31T10:16:38.583282Z,RFID-Device-01,25.07,64.1
2025-10-31T10:16:43.584944Z,RFID-Device-01,29.86,42.7
2025-10-31T10:16:48.586188Z,RFID-Device-01,26.51,43.1
2025-10-31T10:16:53.587937Z,RFID-Device-01,26.07,64.2
2025-10-31T10:16:58.589436Z,RFID-Device-01,26.36,46.6
2025-10-31T10:17:03.590595Z,RFID-Device-01,27.15,36.7
2025-10-31T10:17:08.593239Z,RFID-Device-01,24.09,40.7
2025-10-31T10:17:13.595217Z,RFID-Device-01,25.25,58.7
2025-10-31T10:17:18.596461Z,RFID-Device-01,27.87,53.6
2025-10-31T10:17:23.598054Z,RFID-Device-01,23.5,49.2
2025-10-31T10:17:28.599094Z,RFID-Device-01,26.1,65.0
2025-10-31T10:17:33.600336Z,RFID-Device-01,24.68,47.8
2025-10-31T10:17:38.601640Z,RFID-Device-01,22.34,48.3
2025-10-31T10:17:43.603122Z,RFID-Device-01,27.87,58.5
2025-10-31T10:17:48.604624Z,RFID-Device-01,23.65,45.0
2025-10-31T10:17:53.606536Z,RFID-Device-01,27.89,52.7
2025-10-31T10:17:58.607970Z,RFID-Device-01,26.64,51.2
2025-10-31T10:18:03.609242Z,RFID-Device-01,23.2,58.8
2025-10-31T10:18:08.610968Z,RFID-Device-01,29.5,53.4
2025-10-31T10:18:13.613780Z,RFID-Device-01,27.9,39.6
2025-10-31T10:18:18.617344Z,RFID-Device-01,24.75,45.8
2025-10-31T10:18:23.619853Z,RFID-Device-01,25.55,49.9
2025-10-31T10:18:28.620986Z,RFID-Device-01,26.8,58.4
2025-10-31T10:18:33.634990Z,RFID-Device-01,29.75,49.5
2025-10-31T10:18:38.636773Z,RFID-Device-01,29.28,64.8
2025-10-31T10:18:43.638753Z,RFID-Device-01,23.11,58.1
2025-10-31T10:18:48.640194Z,RFID-Device-01,26.28,58.0
2025-10-31T10:18:53.642044Z,RFID-Device-01,27.72,62.1
2025-10-31T10:18:58.643594Z,RFID-Device-01,27.56,51.1
2025-10-31T10:19:03.645699Z,RFID-Device-01,25.22,47.8
2025-10-31T10:19:08.647309Z,RFID-Device-01,23.65,57.5
2025-10-31T10:19:13.649440Z,RFID-Device-01,24.3,63.4
2025-10-31T10:19:18.650834Z,RFID-Device-01,27.86,64.3
2025-10-31T10:19:23.652921Z,RFID-Device-01,28.3,46.3
2025-10-31T10:19:28.654274Z,RFID-Device-01,24.64,60.3
2025-10-31T10:19:33.655671Z,RFID-Device-01,27.04,63.5
2025-10-31T10:19:38.657266Z,RFID-Device-01,24.4,63.4
2025-10-31T10:19:43.658914Z,RFID-Device-01,27.94,60.3
2025-10-31T10:19:48.660179Z,RFID-Device-01,27.97,50.6
2025-10-31T10:19:53.661541Z,RFID-Device-01,29.73,45.7
2025-10-31T10:19:58.663414Z,RFID-Device-01,29.72,38.9
2025-10-31T10:20:03.694113Z,RFID-Device-01,22.29,47.2
2025-10-31T10:20:08.703822Z,RFID-Device-01,23.63,35.1
2025-10-31T10:20:13.705335Z,RFID-Device-01,22.8,60.4
2025-10-31T10:20:18.706586Z,RFID-Device-01,24.01,51.7
2025-10-31T10:20:23.708250Z,RFID-Device-01,24.3,39.2
2025-10-31T10:20:28.709659Z,RFID-Device-01,26.0,44.7
2025-10-31T10:20:33.710969Z,RFID-Device-01,22.52,59.0
2025-10-31T10:20:38.712749Z,RFID-Device-01,28.08,46.9
2025-10-31T10:20:43.714444Z,RFID-Device-01,29.92,37.1
2025-10-31T10:20:48.715464Z,RFID-Device-01,27.73,63.8
2025-10-31T10:20:53.716783Z,RFID-Device-01,23.93,59.5
2025-10-31T10:20:58.718234Z,RFID-Device-01,26.99,37.0
2025-10-31T10:21:03.719393Z,RFID-Device-01,25.27,38.1
2025-10-31T10:21:08.721027Z,RFID-Device-01,22.8,39.7
2025-10-31T10:21:13.722272Z,RFID-Device-01,23.02,48.9
2025-10-31T10:21:18.723946Z,RFID-Device-01,25.86,57.8
2025-10-31T10:21:23.725457Z,RFID-Device-01,25.66,60.3
2025-10-31T10:21:28.728082Z,RFID-Device-01,24.84,64.7
2025-10-31T10:21:33.729997Z,RFID-Device-01,22.24,51.7
2025-10-31T10:21:38.731251Z,RFID-Device-01,28.8,54.2
2025-10-31T10:21:43.732531Z,RFID-Device-01,28.25,64.3
2025-10-31T10:21:48.733649Z,RFID-Device-01,29.29,51.9
2025-10-31T10:21:53.735066Z,RFID-Device-01,22.99,59.2
2025-10-31T10:21:58.736448Z,RFID-Device-01,22.19,40.2
2025-10-31T10:22:03.737960Z,RFID-Device-01,26.89,55.1
2025-10-31T10:22:08.738953Z,RFID-Device-01,24.84,57.6
2025-10-31T10:22:13.740614Z,RFID-Device-01,27.81,56.1
2025-10-31T10:22:18.742057Z,RFID-Device-01,24.21,37.3
2025-10-31T10:22:23.743294Z,RFID-Device-01,26.11,44.3
2025-10-31T10:22:28.745059Z,RFID-Device-01,23.15,42.2
2025-10-31T10:22:33.747248Z,RFID-Device-01,28.26,51.4
2025-10-31T10:22:38.748881Z,RFID-Device-01,28.6,64.6
2025-10-31T10:22:43.750635Z,RFID-Device-01,28.57,60.5
2025-10-31T10:22:48.751975Z,RFID-Device-01,27.02,60.7
2025-10-31T10:22:53.753336Z,RFID-Device-01,24.34,62.8
2025-10-31T10:22:58.754714Z,RFID-Device-01,29.29,42.7
2025-10-31T10:23:03.756446Z,RFID-Device-01,25.95,57.2
2025-10-31T10:23:08.757637Z,RFID-Device-01,27.92,35.1
2025-10-31T10:23:13.759182Z,RFID-Device-01,24.03,56.0
2025-10-31T10:23:18.760583Z,RFID-Device-01,27.39,35.2
2025-10-31T10:23:23.761676Z,RFID-Device-01,25.69,48.5
2025-10-31T10:23:28.762613Z,RFID-Device-01,29.58,62.5
2025-10-31T10:23:33.764197Z,RFID-Device-01,22.15,61.3
2025-10-31T10:23:38.765905Z,RFID-Device-01,28.03,35.8
2025-10-31T10:23:43.767119Z,RFID-Device-01,24.37,40.3
2025-10-31T10:23:48.768298Z,RFID-Device-01,26.76,64.0
2025-10-31T10:23:53.770152Z,RFID-Device-01,28.38,56.1
2025-10-31T10:23:58.771474Z,RFID-Device-01,27.38,62.3
2025-10-31T10:24:03.773008Z,RFID-Device-01,24.46,44.0
2025-10-31T10:24:08.774903Z,RFID-Device-01,29.74,35.7
2025-10-31T10:24:13.776209Z,RFID-Device-01,28.71,57.1
2025-10-31T10:24:18.777327Z,RFID-Device-01,27.36,46.5
2025-10-31T10:24:23.779057Z,RFID-Device-01,29.07,41.0
2025-10-31T10:24:28.781401Z,RFID-Device-01,27.01,55.9
2025-10-31T10:24:33.783393Z,RFID-Device-01,28.85,41.4
2025-10-31T10:24:38.785318Z,RFID-Device-01,22.07,44.5
2025-10-31T10:24:43.786696Z,RFID-Device-01,23.21,36.8
2025-10-31T10:24:48.787971Z,RFID-Device-01,22.21,45.7
2025-10-31T10:24:53.789208Z,RFID-Device-01,29.98,44.2
2025-10-31T10:24:58.790631Z,RFID-Device-01,22.65,52.0
2025-10-31T10:25:03.793213Z,RFID-Device-01,25.18,38.0
2025-10-31T10:25:08.794567Z,RFID-Device-01,24.68,51.4
2025-10-31T10:25:13.796453Z,RFID-Device-01,25.52,53.5
2025-10-31T10:25:18.798023Z,RFID-Device-01,23.66,55.8
2025-10-31T10:25:23.799544Z,RFID-Device-01,22.2,38.5
2025-10-31T10:25:28.800896Z,RFID-Device-01,23.09,54.8
2025-10-31T10:25:33.802605Z,RFID-Device-01,22.29,61.6
2025-10-31T10:25:38.803856Z,RFID-Device-01,29.25,46.6
2025-10-31T10:25:43.806236Z,RFID-Device-01,26.0,60.6
2025-10-31T10:25:48.807718Z,RFID-Device-01,27.13,63.4
2025-10-31T10:25:53.809054Z,RFID-Device-01,23.18,60.5
2025-10-31T10:25:58.810146Z,RFID-Device-01,27.66,45.9
2025-10-31T10:26:03.811198Z,RFID-Device-01,23.48,45.2
2025-10-31T10:26:08.813239Z,RFID-Device-01,24.58,48.4
2025-10-31T10:26:13.815465Z,RFID-Device-01,26.29,50.4
2025-10-31T10:26:18.817569Z,RFID-Device-01,28.3,52.5
2025-10-31T10:26:23.819891Z,RFID-Device-01,22.22,59.1
2025-10-31T10:26:28.821671Z,RFID-Device-01,25.21,46.0
2025-10-31T10:26:33.823250Z,RFID-Device-01,28.02,50.2
2025-10-31T10:26:38.824753Z,RFID-Device-01,28.63,58.4
2025-10-31T10:26:43.826506Z,RFID-Device-01,28.93,44.4
2025-10-31T10:26:48.828437Z,RFID-Device-01,22.25,39.0
2025-10-31T10:26:53.830229Z,RFID-Device-01,22.28,41.1
2025-10-31T10:26:58.832308Z,RFID-Device-01,23.74,38.2
2025-10-31T10:27:03.834115Z,RFID-Device-01,23.7,57.9
2025-10-31T10:27:08.835259Z,RFID-Device-01,26.07,57.7
2025-10-31T10:27:13.836537Z,RFID-Device-01,25.65,53.5
2025-10-31T10:27:18.837601Z,RFID-Device-01,24.45,57.3
2025-10-31T10:27:23.839324Z,RFID-Device-01,26.76,62.0
2025-10-31T10:27:28.840701Z,RFID-Device-01,28.57,37.4
2025-10-31T10:27:33.842547Z,RFID-Device-01,22.03,57.4
2025-10-31T10:27:38.843829Z,RFID-Device-01,29.26,48.0
2025-10-31T10:27:43.845309Z,RFID-Device-01,25.44,41.0
2025-10-31T10:27:48.847308Z,RFID-Device-01,27.3,40.4
2025-10-31T10:27:53.848735Z,RFID-Device-01,28.71,56.9
2025-10-31T10:27:58.850295Z,RFID-Device-01,25.07,44.4
2025-10-31T10:28:03.852190Z,RFID-Device-01,25.41,64.9
2025-10-31T10:28:08.853684Z,RFID-Device-01,29.13,59.6
2025-10-31T10:28:13.854731Z,RFID-Device-01,22.18,44.7
2025-10-31T10:28:18.856504Z,RFID-Device-01,28.44,46.3
2025-10-31T10:28:23.858039Z,RFID-Device-01,27.24,52.5
2025-10-31T10:28:28.859228Z,RFID-Device-01,28.97,43.9
2025-10-31T10:28:33.860906Z,RFID-Device-01,26.81,60.3
2025-10-31T10:28:38.861923Z,RFID-Device-01,22.2,35.1
2025-10-31T10:28:43.863050Z,RFID-Device-01,25.08,54.9
2025-10-31T10:28:48.864481Z,RFID-Device-01,24.38,54.9
2025-10-31T10:28:53.865607Z,RFID-Device-01,26.8,51.2
2025-10-31T10:28:58.867329Z,RFID-Device-01,23.81,43.1
2025-10-31T10:29:03.868772Z,RFID-Device-01,24.96,61.0
2025-10-31T10:29:08.871141Z,RFID-Device-01,24.54,52.5
2025-10-31T10:29:13.872705Z,RFID-Device-01,28.51,56.9
2025-10-31T10:29:18.874286Z,RFID-Device-01,22.28,46.1
2025-10-31T10:29:23.876155Z,RFID-Device-01,25.97,60.0
2025-10-31T10:29:28.877617Z,RFID-Device-01,28.26,52.8
2025-10-31T10:29:33.878855Z,RFID-Device-01,27.7,63.1
2025-10-31T10:29:38.880085Z,RFID-Device-01,28.88,48.1
2025-10-31T10:29:43.881657Z,RFID-Device-01,23.09,39.3
2025-10-31T10:29:48.883303Z,RFID-Device-01,26.7,38.8
2025-10-31T10:29:53.884678Z,RFID-Device-01,28.26,57.5
2025-10-31T10:29:58.886899Z,RFID-Device-01,23.28,58.6
2025-10-31T10:30:03.888571Z,RFID-Device-01,23.68,51.1
2025-10-31T10:30:08.889861Z,RFID-Device-01,27.25,40.3
2025-10-31T10:30:13.891209Z,RFID-Device-01,23.73,41.5
2025-10-31T10:30:18.892370Z,RFID-Device-01,23.91,57.7
2025-10-31T10:30:23.893425Z,RFID-Device-01,23.55,39.1
2025-10-31T10:30:28.894551Z,RFID-Device-01,29.49,63.6
2025-10-31T10:30:33.896465Z,RFID-Device-01,28.85,46.6
2025-10-31T10:30:38.897666Z,RFID-Device-01,27.93,43.7
2025-10-31T10:30:43.900509Z,RFID-Device-01,24.7,58.7
2025-10-31T10:30:48.901594Z,RFID-Device-01,22.63,38.2
2025-10-31T10:30:53.903166Z,RFID-Device-01,29.19,43.9
2025-10-31T10:30:58.904602Z,RFID-Device-01,23.57,46.0
2025-10-31T10:31:03.905561Z,RFID-Device-01,28.5,40.9
2025-10-31T10:31:08.906886Z,RFID-Device-01,25.38,54.3
2025-10-31T10:31:13.908378Z,RFID-Device-01,27.88,54.7
2025-10-31T10:31:18.909568Z,RFID-Device-01,29.6,52.9
2025-10-31T10:31:23.910752Z,RFID-Device-01,23.61,49.2
2025-10-31T10:31:28.911912Z,RFID-Device-01,24.69,63.7
2025-10-31T10:31:33.914312Z,RFID-Device-01,25.52,46.8
2025-10-31T10:31:38.916047Z,RFID-Device-01,26.29,41.8
2025-10-31T10:31:43.917067Z,RFID-Device-01,25.53,42.2
2025-10-31T10:31:48.918631Z,RFID-Device-01,28.87,41.4
2025-10-31T10:31:53.919821Z,RFID-Device-01,26.58,55.9
2025-10-31T10:31:58.920992Z,RFID-Device-01,28.04,40.8
2025-10-31T10:32:03.923702Z,RFID-Device-01,24.05,57.4
2025-10-31T10:32:08.925060Z,RFID-Device-01,24.74,52.0
2025-10-31T10:32:13.926262Z,RFID-Device-01,25.29,48.9
2025-10-31T10:32:18.928289Z,RFID-Device-01,29.11,55.5
2025-10-31T10:32:23.930702Z,RFID-Device-01,25.11,55.5
2025-10-31T10:32:28.931678Z,RFID-Device-01,26.34,41.5
2025-10-31T10:32:33.932812Z,RFID-Device-01,24.8,39.0
2025-10-31T10:32:38.934562Z,RFID-Device-01,28.67,45.3
2025-10-31T10:32:43.935939Z,RFID-Device-01,24.49,38.0
2025-10-31T10:32:48.937769Z,RFID-Device-01,23.96,40.9
2025-10-31T10:32:53.939882Z,RFID-Device-01,25.59,56.2
2025-10-31T10:32:58.941303Z,RFID-Device-01,28.76,44.9
2025-10-31T10:33:03.943327Z,RFID-Device-01,23.16,55.9
2025-10-31T10:33:08.944673Z,RFID-Device-01,28.8,57.0
2025-10-31T10:33:13.945741Z,RFID-Device-01,28.57,56.1
2025-10-31T10:33:18.946841Z,RFID-Device-01,27.06,63.7
2025-10-31T10:33:23.948242Z,RFID-Device-01,23.24,47.7
2025-10-31T10:33:28.949869Z,RFID-Device-01,23.71,37.5
2025-10-31T10:33:33.951559Z,RFID-Device-01,24.03,58.2
2025-10-31T10:33:38.953117Z,RFID-Device-01,23.74,60.2
2025-10-31T10:33:43.954305Z,RFID-Device-01,24.08,55.2
2025-10-31T10:33:48.955704Z,RFID-Device-01,27.05,49.0
2025-10-31T10:33:53.957570Z,RFID-Device-01,28.95,62.6
2025-10-31T10:33:58.958910Z,RFID-Device-01,23.28,50.3
2025-10-31T10:34:03.960138Z,RFID-Device-01,25.41,38.1
2025-10-31T10:34:08.961273Z,RFID-Device-01,24.37,35.6
2025-10-31T10:34:13.962400Z,RFID-Device-01,22.41,49.7
2025-10-31T10:34:18.964014Z,RFID-Device-01,25.33,36.3
2025-10-31T10:34:23.965154Z,RFID-Device-01,26.23,49.3
2025-10-31T10:34:28.966842Z,RFID-Device-01,27.65,48.5
2025-10-31T10:34:33.968009Z,RFID-Device-01,22.34,62.6
2025-10-31T10:34:38.969112Z,RFID-Device-01,24.8,43.1
2025-10-31T10:34:43.970869Z,RFID-Device-01,24.17,54.6
2025-10-31T10:34:48.972871Z,RFID-Device-01,26.49,55.7
2025-10-31T10:34:53.974570Z,RFID-Device-01,27.93,62.6
2025-10-31T10:34:58.976062Z,RFID-Device-01,28.19,56.2
2025-10-31T10:35:03.977922Z,RFID-Device-01,23.11,39.1
2025-10-31T10:35:08.979403Z,RFID-Device-01,29.29,48.9
2025-10-31T10:35:13.981083Z,RFID-Device-01,27.08,56.5
2025-10-31T10:35:18.982313Z,RFID-Device-01,29.55,53.3
2025-10-31T10:35:23.984018Z,RFID-Device-01,24.62,58.4
2025-10-31T10:35:28.985927Z,RFID-Device-01,28.86,37.3
2025-10-31T10:35:33.987450Z,RFID-Device-01,23.74,51.5
2025-10-31T10:35:38.988801Z,RFID-Device-01,25.01,60.9
2025-10-31T10:35:43.990001Z,RFID-Device-01,23.77,52.4
2025-10-31T10:35:48.991022Z,RFID-Device-01,29.19,52.8
2025-10-31T10:35:53.992646Z,RFID-Device-01,26.86,46.7
2025-10-31T10:35:58.994225Z,RFID-Device-01,27.9,52.6
2025-10-31T10:36:03.996509Z,RFID-Device-01,26.22,63.9
2025-10-31T10:36:08.997972Z,RFID-Device-01,27.21,46.3
2025-10-31T10:36:13.999464Z,RFID-Device-01,24.36,59.2
2025-10-31T10:36:19.001633Z,RFID-Device-01,25.29,60.3
2025-10-31T10:36:24.003001Z,RFID-Device-01,22.3,48.2
2025-10-31T10:36:29.004185Z,RFID-Device-01,29.43,63.8
2025-10-31T10:36:34.005944Z,RFID-Device-01,28.01,36.0
2025-10-31T10:36:39.006984Z,RFID-Device-01,28.2,51.0
2025-10-31T10:36:44.008222Z,RFID-Device-01,25.7,61.8
2025-10-31T10:36:49.009742Z,RFID-Device-01,27.63,44.7
2025-10-31T10:36:54.010735Z,RFID-Device-01,25.01,47.7
2025-10-31T10:36:59.011759Z,RFID-Device-01,29.83,40.2
2025-10-31T10:37:04.013265Z,RFID-Device-01,26.07,50.8
2025-10-31T10:37:09.014743Z,RFID-Device-01,29.71,53.2
2025-10-31T10:37:14.015969Z,RFID-Device-01,29.96,42.7
2025-10-31T10:37:19.017207Z,RFID-Device-01,24.41,54.0
2025-10-31T10:37:24.018327Z,RFID-Device-01,24.67,56.8
2025-10-31T10:37:29.019914Z,RFID-Device-01,29.32,61.3
2025-10-31T10:37:34.021553Z,RFID-Device-01,25.62,46.4
2025-10-31T10:37:39.022915Z,RFID-Device-01,23.13,54.0
2025-10-31T10:37:44.025003Z,RFID-Device-01,25.16,62.2
2025-10-31T10:37:49.026829Z,RFID-Device-01,28.18,61.8
2025-10-31T10:37:54.028309Z,RFID-Device-01,26.86,54.0
2025-10-31T10:37:59.029681Z,RFID-Device-01,24.99,49.0
2025-10-31T10:38:04.030907Z,RFID-Device-01,27.66,58.1
2025-10-31T10:38:09.031872Z,RFID-Device-01,23.93,64.8
2025-10-31T10:38:14.033574Z,RFID-Device-01,24.19,50.2
2025-10-31T10:38:19.034881Z,RFID-Device-01,28.98,63.1
2025-10-31T10:38:24.036038Z,RFID-Device-01,27.33,53.0
2025-10-31T10:38:29.037782Z,RFID-Device-01,22.55,41.7
2025-10-31T10:38:34.039119Z,RFID-Device-01,24.51,46.6
2025-10-31T10:38:39.040305Z,RFID-Device-01,23.92,49.8
2025-10-31T10:38:44.041615Z,RFID-Device-01,28.85,41.7
2025-10-31T10:38:49.043251Z,RFID-Device-01,23.62,59.4
2025-10-31T10:38:54.044761Z,RFID-Device-01,27.91,55.4
2025-10-31T10:38:59.046097Z,RFID-Device-01,23.99,35.3
2025-10-31T10:39:04.047221Z,RFID-Device-01,27.2,46.5
2025-10-31T10:39:09.048302Z,RFID-Device-01,27.76,49.2
2025-10-31T10:39:14.049868Z,RFID-Device-01,29.28,40.2
2025-10-31T10:39:19.051426Z,RFID-Device-01,28.77,55.3
2025-10-31T10:39:24.052545Z,RFID-Device-01,25.26,64.6
2025-10-31T10:39:29.054305Z,RFID-Device-01,29.97,60.0
2025-10-31T10:39:34.056419Z,RFID-Device-01,26.22,53.6
2025-10-31T10:39:39.057921Z,RFID-Device-01,28.57,50.5
2025-10-31T10:39:44.059349Z,RFID-Device-01,26.54,51.1
2025-10-31T10:39:49.061126Z,RFID-Device-01,29.42,63.1
2025-10-31T10:39:54.062363Z,RFID-Device-01,27.83,54.6
2025-10-31T10:39:59.064099Z,RFID-Device-01,26.19,56.0
2025-10-31T10:40:04.065306Z,RFID-Device-01,29.98,45.7
2025-10-31T10:40:09.066689Z,RFID-Device-01,28.46,52.1
2025-10-31T10:40:14.067861Z,RFID-Device-01,27.98,53.2
2025-10-31T10:40:19.068938Z,RFID-Device-01,25.03,61.6
2025-10-31T10:40:24.070246Z,RFID-Device-01,23.75,49.0
2025-10-31T10:40:29.072101Z,RFID-Device-01,28.25,54.5
2025-10-31T10:40:34.073654Z,RFID-Device-01,28.24,49.3
2025-10-31T10:40:39.074750Z,RFID-Device-01,25.77,64.0
2025-10-31T10:40:44.076009Z,RFID-Device-01,24.85,49.0
2025-10-31T10:40:49.077788Z,RFID-Device-01,29.09,63.9
2025-10-31T10:40:54.079010Z,RFID-Device-01,22.59,56.5
2025-10-31T10:40:59.080060Z,RFID-Device-01,29.35,56.2
2025-10-31T10:41:04.081194Z,RFID-Device-01,23.55,58.1
2025-10-31T10:41:09.082367Z,RFID-Device-01,29.41,39.6
2025-10-31T10:41:14.083876Z,RFID-Device-01,27.38,50.5
2025-10-31T10:41:19.088945Z,RFID-Device-01,22.2,60.0
2025-10-31T10:41:24.090134Z,RFID-Device-01,24.85,37.9
2025-10-31T10:41:29.091506Z,RFID-Device-01,25.96,52.1
2025-10-31T10:41:34.093453Z,RFID-Device-01,24.37,46.6
2025-10-31T10:41:39.094726Z,RFID-Device-01,22.68,59.1
2025-10-31T10:41:44.095997Z,RFID-Device-01,29.08,63.9
2025-10-31T10:41:49.097223Z,RFID-Device-01,28.19,52.7
2025-10-31T10:41:54.098975Z,RFID-Device-01,24.28,50.1
2025-10-31T10:41:59.102011Z,RFID-Device-01,28.45,60.2
2025-10-31T10:42:04.103720Z,RFID-Device-01,24.19,64.0
2025-10-31T10:42:09.104879Z,RFID-Device-01,23.43,52.5
2025-10-31T10:42:14.105982Z,RFID-Device-01,24.85,63.8
2025-10-31T10:42:19.106969Z,RFID-Device-01,28.38,36.0
2025-10-31T10:42:24.107962Z,RFID-Device-01,29.38,59.1
2025-10-31T10:42:29.108965Z,RFID-Device-01,27.97,59.4
2025-10-31T10:42:34.110295Z,RFID-Device-01,22.43,38.1
2025-10-31T10:42:39.111604Z,RFID-Device-01,26.89,38.8
2025-10-31T10:42:44.112749Z,RFID-Device-01,24.0,51.4
2025-10-31T10:42:49.115005Z,RFID-Device-01,23.31,58.5
2025-10-31T10:42:54.117517Z,RFID-Device-01,29.33,47.3
2025-10-31T10:42:59.119135Z,RFID-Device-01,25.33,45.2
2025-10-31T10:43:04.120301Z,RFID-Device-01,23.77,51.1
2025-10-31T10:43:09.121363Z,RFID-Device-01,26.6,62.7
2025-10-31T10:43:14.122447Z,RFID-Device-01,27.17,37.1
2025-10-31T10:43:19.123486Z,RFID-Device-01,26.76,56.6
2025-10-31T10:43:24.125127Z,RFID-Device-01,24.27,37.9
2025-10-31T10:43:29.126314Z,RFID-Device-01,27.31,39.7
2025-10-31T10:43:34.127539Z,RFID-Device-01,26.23,61.7
2025-10-31T10:43:39.130949Z,RFID-Device-01,22.32,37.2
2025-10-31T10:43:44.132248Z,RFID-Device-01,25.15,58.6
2025-10-31T10:43:49.133342Z,RFID-Device-01,25.45,42.8
2025-10-31T10:43:54.134397Z,RFID-Device-01,22.91,51.0
2025-10-31T10:43:59.135497Z,RFID-Device-01,29.44,40.1
2025-10-31T10:44:04.136579Z,RFID-Device-01,23.43,38.6
2025-10-31T10:44:09.138034Z,RFID-Device-01,29.47,47.6
2025-10-31T10:44:14.139100Z,RFID-Device-01,29.37,44.8
2025-10-31T10:44:19.140265Z,RFID-Device-01,22.78,57.8
2025-10-31T10:44:24.141290Z,RFID-Device-01,25.33,44.0
2025-10-31T10:44:29.143405Z,RFID-Device-01,25.5,52.3
2025-10-31T10:44:34.145075Z,RFID-Device-01,29.08,35.7
2025-10-31T10:44:39.146366Z,RFID-Device-01,26.93,58.0
2025-10-31T10:44:44.147417Z,RFID-Device-01,25.49,64.5
2025-10-31T10:44:49.148485Z,RFID-Device-01,29.61,44.0
2025-10-31T10:44:54.149682Z,RFID-Device-01,22.91,55.4
2025-10-31T10:44:59.150818Z,RFID-Device-01,22.83,56.8
2025-10-31T10:45:04.151840Z,RFID-Device-01,25.68,55.3
2025-10-31T10:45:09.153301Z,RFID-Device-01,23.71,54.5
2025-10-31T10:45:14.154538Z,RFID-Device-01,25.69,38.8
2025-10-31T10:45:19.155658Z,RFID-Device-01,25.78,44.7
2025-10-31T10:45:24.157256Z,RFID-Device-01,26.09,52.0
2025-10-31T10:45:29.158618Z,RFID-Device-01,23.19,57.6
2025-10-31T10:45:34.160372Z,RFID-Device-01,26.67,43.3
2025-10-31T10:45:39.161765Z,RFID-Device-01,28.07,57.7
2025-10-31T10:45:44.163277Z,RFID-Device-01,26.23,48.3
2025-10-31T10:45:49.164664Z,RFID-Device-01,24.08,36.3
2025-10-31T10:45:54.165752Z,RFID-Device-01,27.96,48.8
2025-10-31T10:45:59.167694Z,RFID-Device-01,26.74,64.1
2025-10-31T10:46:04.169567Z,RFID-Device-01,27.65,46.3
2025-10-31T10:46:09.170842Z,RFID-Device-01,27.85,64.7
2025-10-31T10:46:14.172016Z,RFID-Device-01,22.37,57.9
2025-10-31T10:46:19.173406Z,RFID-Device-01,29.74,57.8
2025-10-31T10:46:24.175062Z,RFID-Device-01,22.86,45.1
2025-10-31T10:46:29.176373Z,RFID-Device-01,29.06,53.4
2025-10-31T10:46:34.177565Z,RFID-Device-01,24.42,48.0
2025-10-31T10:46:39.178651Z,RFID-Device-01,27.59,36.4
2025-10-31T10:46:44.179640Z,RFID-Device-01,28.35,47.3
2025-10-31T10:46:49.180842Z,RFID-Device-01,23.16,48.3
2025-10-31T10:46:54.182460Z,RFID-Device-01,25.58,45.5
2025-10-31T10:46:59.183902Z,RFID-Device-01,29.51,61.9
2025-10-31T10:47:04.186091Z,RFID-Device-01,24.84,45.5
2025-10-31T10:47:09.187330Z,RFID-Device-01,29.68,51.9
2025-10-31T10:47:14.188452Z,RFID-Device-01,23.25,41.9
2025-10-31T10:47:19.189527Z,RFID-Device-01,22.7,35.7
2025-10-31T10:47:24.190965Z,RFID-Device-01,24.66,51.5
2025-10-31T10:47:29.192423Z,RFID-Device-01,28.97,50.4
2025-10-31T10:47:34.193599Z,RFID-Device-01,27.37,51.9
2025-10-31T10:47:39.194711Z,RFID-Device-01,24.18,45.6
2025-10-31T10:47:44.195861Z,RFID-Device-01,25.21,57.5
2025-10-31T10:47:49.196994Z,RFID-Device-01,24.55,55.4
2025-10-31T10:47:54.198082Z,RFID-Device-01,29.64,47.5
2025-10-31T10:47:59.199630Z,RFID-Device-01,27.33,62.5
2025-10-31T10:48:04.200971Z,RFID-Device-01,27.53,46.3
2025-10-31T10:48:09.202419Z,RFID-Device-01,28.62,60.8
2025-10-31T10:48:14.204333Z,RFID-Device-01,26.6,62.2
2025-10-31T10:48:19.206455Z,RFID-Device-01,26.29,47.6
2025-10-31T10:48:24.207891Z,RFID-Device-01,28.07,42.1
2025-10-31T10:48:29.209864Z,RFID-Device-01,29.71,54.6
2025-10-31T10:48:34.211392Z,RFID-Device-01,23.88,48.3
2025-10-31T10:48:39.212856Z,RFID-Device-01,26.5,52.6
2025-10-31T10:48:44.215142Z,RFID-Device-01,28.81,40.9
2025-10-31T10:48:49.216272Z,RFID-Device-01,23.53,46.9
2025-10-31T10:48:54.218512Z,RFID-Device-01,29.4,39.6
2025-10-31T10:48:59.219662Z,RFID-Device-01,27.86,58.4
2025-10-31T10:49:04.220772Z,RFID-Device-01,24.88,52.2
2025-10-31T10:49:09.222044Z,RFID-Device-01,29.63,56.8
2025-10-31T10:49:14.223045Z,RFID-Device-01,29.09,58.6
2025-10-31T10:49:19.224271Z,RFID-Device-01,29.73,59.4
2025-10-31T10:49:24.225452Z,RFID-Device-01,27.74,40.6
2025-10-31T10:49:29.226868Z,RFID-Device-01,25.23,39.9
2025-10-31T10:49:34.228480Z,RFID-Device-01,22.87,57.6
2025-10-31T10:49:39.229783Z,RFID-Device-01,26.85,55.9
2025-10-31T10:49:44.231333Z,RFID-Device-01,26.92,39.6
2025-10-31T10:49:49.232429Z,RFID-Device-01,27.83,37.3
2025-10-31T10:49:54.234075Z,RFID-Device-01,28.09,62.2
2025-10-31T10:49:59.236007Z,RFID-Device-01,25.63,63.7
2025-10-31T10:50:04.237128Z,RFID-Device-01,24.66,49.0
2025-10-31T10:50:09.238280Z,RFID-Device-01,29.69,45.3
2025-10-31T10:50:14.239607Z,RFID-Device-01,23.03,45.9
2025-10-31T10:50:19.240922Z,RFID-Device-01,29.69,44.2
2025-10-31T10:50:24.242722Z,RFID-Device-01,27.94,43.3
2025-10-31T10:50:29.244118Z,RFID-Device-01,22.87,40.8
2025-10-31T10:50:34.258325Z,RFID-Device-01,28.93,39.2
2025-10-31T10:50:39.260900Z,RFID-Device-01,28.09,59.3
2025-10-31T10:50:44.262141Z,RFID-Device-01,26.38,38.6
2025-10-31T10:50:49.263558Z,RFID-Device-01,25.77,50.5
2025-10-31T10:50:54.265377Z,RFID-Device-01,27.99,48.3
2025-10-31T10:50:59.266472Z,RFID-Device-01,25.74,48.0
2025-10-31T10:51:04.267703Z,RFID-Device-01,25.25,62.5
2025-10-31T10:51:09.268892Z,RFID-Device-01,25.85,39.9
2025-10-31T11:03:51.825570Z,RFID-Device-01,26.69,41.8
2025-10-31T11:03:56.827453Z,RFID-Device-01,29.77,56.9
2025-10-31T11:04:01.829865Z,RFID-Device-01,27.14,64.7
